draw,posterior_draw_weight,prob_tertiary,prob_secondary,probability_sum
1,0.0002573570330206582,0.6489347394232224,0.3510652605767775,1.0
2,0.00023815327273787984,0.8418191790263991,0.15818082097360098,1.0
3,0.00025825419390511557,0.644807917170659,0.355192082829341,1.0
4,0.000249310139284884,0.8010238524788647,0.19897614752113532,1.0
5,0.000241921374413895,0.6767908434311327,0.3232091565688674,1.0
6,0.000259190562313226,0.6712347781640126,0.3287652218359874,1.0
7,0.00022832283187256125,0.8610075336010731,0.13899246639892684,0.9999999999999999
8,0.0002463284219498822,0.7738477878048622,0.22615221219513784,1.0
9,0.000262149327489989,0.6444884675284012,0.35551153247159883,1.0
10,0.0002731587069340547,0.541194118228027,0.458805881771973,1.0
11,0.0002830335741508604,0.4695312385759334,0.5304687614240666,1.0
12,0.000248861983379718,0.9374687613587027,0.0625312386412973,1.0
13,0.00027603799927485614,0.5249992363327202,0.4750007636672798,1.0
14,0.0002736437153546748,0.542964282258359,0.457035717741641,1.0
15,0.00024715969650051655,0.9346452169985147,0.06535478300148545,1.0
16,0.0002667653317487403,0.5882584124240485,0.41174158757595136,0.9999999999999999
17,0.0002661943029957156,0.5969125242628494,0.40308747573715065,1.0
18,0.00025858335829782284,0.6765745920794137,0.3234254079205864,1.0
19,0.000248781896756183,0.9109313697993671,0.08906863020063292,1.0
20,0.00027033861093755593,0.5343912297016419,0.465608770298358,0.9999999999999999
21,0.00027168701131168976,0.5201374259946048,0.47986257400539517,1.0
22,0.00024758325525269306,0.8594413746275181,0.14055862537248176,0.9999999999999999
23,0.0002846239777085332,0.4389736012450502,0.5610263987549498,1.0
24,0.00024751050179892917,0.8306946672464718,0.1693053327535283,1.0
25,0.0002581824147752747,0.6878833433711468,0.31211665662885324,1.0
26,0.0002476446575100786,0.9111311069216563,0.08886889307834366,1.0
27,0.000258419708920911,0.6874824259558215,0.3125175740441784,1.0
28,0.00022441459235765645,0.9046642427764815,0.09533575722351849,1.0
29,0.00026462383714841,0.6176141775065086,0.38238582249349135,1.0
30,0.00023378902190935284,0.797458879967001,0.20254112003299898,1.0
31,0.00025642156774575677,0.6951157329760685,0.30488426702393157,1.0
32,0.00024294016944506424,0.8188025460563806,0.1811974539436195,1.0
33,0.0002531675460670316,0.7161472902995663,0.2838527097004337,1.0
34,0.0002511067897046685,0.7746008340790671,0.2253991659209328,0.9999999999999999
35,0.00024259263699317245,0.8337616225450696,0.16623837745493053,1.0
36,0.00025860862802310196,0.6471081557919632,0.3528918442080367,1.0
37,0.00025196197338435303,0.7045652136450712,0.2954347863549287,0.9999999999999999
38,0.0002516841835697661,0.7526703476018183,0.24732965239818172,1.0
39,0.000248898729047728,0.80395435870344,0.19604564129656,1.0
40,0.0002472967880035355,0.7709876636932247,0.22901233630677542,1.0
41,0.00026587888421904487,0.5876938015331089,0.41230619846689104,1.0
42,0.00024514525575723315,0.6820059535391295,0.3179940464608704,1.0
43,0.00024933659939541764,0.8212085853763592,0.17879141462364082,1.0
44,0.0002704507227996097,0.5718124947215563,0.42818750527844374,1.0
45,0.00024557327015892823,0.7464555879957426,0.25354441200425737,1.0
46,0.00024212257181242057,0.8032998234186327,0.19670017658136738,1.0
47,0.00024130901519462872,0.8203544951043201,0.17964550489567988,1.0
48,0.00025667134927130197,0.6859907997909288,0.3140092002090712,1.0
49,0.00025042321319369116,0.7380398440636992,0.26196015593630084,1.0
50,0.00024809560913308825,0.7307816072861673,0.2692183927138327,1.0
51,0.00024496287974009137,0.7445787650260368,0.25542123497396324,1.0
52,0.0002520917554419908,0.7415257820526634,0.2584742179473365,0.9999999999999999
53,0.00024709590748778454,0.827627978533129,0.1723720214668709,0.9999999999999999
54,0.00024393529656980563,0.7849499022501127,0.2150500977498874,1.0000000000000002
55,0.00024321719871349087,0.8673333792747361,0.1326666207252639,1.0
56,0.00024914595020290235,0.7205430943066583,0.2794569056933416,0.9999999999999999
57,0.0002520960292342356,0.7187871643498914,0.2812128356501087,1.0
58,0.0002402695511199829,0.8083607271249159,0.19163927287508403,1.0
59,0.00027833382567977094,0.5056324206785602,0.4943675793214398,1.0
60,0.00024377207618846597,0.8652153536356189,0.13478464636438112,1.0
61,0.0002695337975638684,0.5416434528925002,0.4583565471074999,1.0
62,0.00026464985362258315,0.6153669569222989,0.3846330430777011,1.0
63,0.00024836680890218436,0.9177834909341703,0.08221650906582978,1.0
64,0.00026758728632371274,0.5905624175310086,0.4094375824689914,1.0
65,0.0002448321760067592,0.7783127069331272,0.2216872930668729,1.0
66,0.0002513392254596952,0.7798181712762237,0.22018182872377637,1.0
67,0.0002478448076228591,0.7537447150628267,0.2462552849371734,1.0
68,0.0002791490645608625,0.4945521993383359,0.5054478006616642,1.0
69,0.0002472257677999977,0.8219316503400456,0.17806834965995436,0.9999999999999999
70,0.00024838255198569327,0.8279662924440044,0.17203370755599542,0.9999999999999999
71,0.00025085356471040327,0.9233764905629939,0.07662350943700613,1.0
72,0.0002689376944755601,0.5734039984319719,0.42659600156802807,1.0
73,0.0002476787423445854,0.8685025901667743,0.13149740983322572,1.0
74,0.0002669423528896543,0.5967639155988422,0.4032360844011577,1.0
75,0.0002528768641617529,0.726524250648182,0.2734757493518178,0.9999999999999998
76,0.00025625234606191843,0.6854517960103345,0.3145482039896655,1.0
77,0.00024376458332084404,0.7574629566407566,0.2425370433592434,1.0
78,0.0002473108540383984,0.800975749603383,0.199024250396617,1.0
79,0.00024859684099636366,0.7747073484661624,0.2252926515338376,1.0
80,0.000276268908250791,0.49495792949950757,0.5050420705004924,1.0
81,0.0002680904692811583,0.5221466185211371,0.477853381478863,1.0
82,0.0002573975596152341,0.619862945019006,0.380137054980994,1.0
83,0.0002503318633408692,0.736267084254895,0.263732915745105,1.0
84,0.000262029594792626,0.5681750046939299,0.4318249953060701,1.0
85,0.00024868860984541565,0.8785308285559315,0.1214691714440687,1.0000000000000002
86,0.0002619093183452024,0.6271294120459832,0.3728705879540169,1.0
87,0.00026244124450254454,0.5756557691605485,0.4243442308394515,1.0
88,0.00023797862780557257,0.8315715345159602,0.16842846548403975,1.0
89,0.0002443908902983264,0.7691627881775538,0.2308372118224462,1.0
90,0.0002440699615085793,0.7856790824832819,0.21432091751671814,1.0
91,0.0002545665785142238,0.6896129957200383,0.31038700427996174,1.0
92,0.00024625670431276743,0.7721803642037145,0.2278196357962855,1.0
93,0.00024068417054366238,0.9214590612789262,0.0785409387210738,1.0
94,0.0002532778425442708,0.7340721402109238,0.2659278597890762,1.0
95,0.0002521748613611072,0.7538995962519528,0.24610040374804715,1.0
96,0.00024809339250483003,0.8455795888961132,0.15442041110388685,1.0
97,0.0002478189015441321,0.6026603917881727,0.39733960821182734,1.0
98,0.00024925512689315954,0.8672887137691432,0.13271128623085668,0.9999999999999999
99,0.00023293782751315987,0.7076407564472742,0.29235924355272574,1.0
100,0.00025712463447297916,0.7000646562524955,0.2999353437475046,1.0
101,0.00024713643249633536,0.7068925148368416,0.2931074851631584,1.0
102,0.00028461909628712563,0.4443842925703662,0.5556157074296338,1.0
103,0.0002527014728656495,0.6809845944450614,0.3190154055549385,1.0
104,0.000249718048447232,0.7478716787209172,0.2521283212790828,1.0
105,0.00024556227018828635,0.8076068239440041,0.19239317605599598,1.0
106,0.0002535215354134767,0.6741785545177167,0.32582144548228315,0.9999999999999998
107,0.0002570233902897704,0.6958239405249779,0.3041760594750222,1.0
108,0.000236489688515085,0.8067743917509804,0.19322560824901958,1.0
109,0.00024399326627592565,0.860976241984133,0.139023758015867,1.0
110,0.00023331783513506535,0.8853323829459366,0.11466761705406342,1.0
111,0.00023180666354266665,0.8708262426871531,0.1291737573128468,1.0
112,0.0002582741099709659,0.6797061500843153,0.32029384991568455,0.9999999999999999
113,0.00025603169949519917,0.6927843210517609,0.3072156789482392,1.0
114,0.0002405611852543451,0.7983635200950944,0.20163647990490557,1.0
115,0.00025727739470658874,0.6595353462468557,0.3404646537531444,1.0
116,0.00025794693858472177,0.6145743750094299,0.38542562499057004,1.0
117,0.00024515834485498115,0.8117443458808277,0.18825565411917236,1.0
118,0.00025631096116198913,0.6276132540852163,0.3723867459147836,0.9999999999999999
119,0.0002682372128248819,0.5705091133311001,0.42949088666889995,1.0
120,0.00024577476139744816,0.7687861870710115,0.2312138129289885,1.0
121,0.0002497822716319526,0.7645018067650775,0.23549819323492258,1.0
122,0.00025427232208079974,0.6930440596449934,0.30695594035500673,1.0
123,0.00024925453673073036,0.7861086542310729,0.21389134576892715,1.0
124,0.00025044242418505305,0.6314809491936985,0.36851905080630154,1.0
125,0.00024808342816179336,0.8472662940027003,0.1527337059972996,0.9999999999999999
126,0.0002528877490285158,0.746613768893643,0.2533862311063571,1.0
127,0.00025144566941055595,0.7161455796884134,0.28385442031158675,1.0000000000000002
128,0.00024899622707602424,0.7052272523404416,0.29477274765955847,1.0
129,0.0002501612718694202,0.727662880636171,0.2723371193638289,0.9999999999999999
130,0.00024076281297880263,0.8188926470844998,0.1811073529155001,0.9999999999999999
131,0.0002557770744646861,0.7156554313724236,0.28434456862757646,1.0
132,0.00023821071364881166,0.8110319427807148,0.18896805721928517,1.0
133,0.00024408905303937095,0.7829823526521489,0.21701764734785106,1.0
134,0.00025095401829611767,0.7470947132644666,0.25290528673553336,1.0
135,0.00025686143770737555,0.6946398882794093,0.30536011172059085,1.0
136,0.0002506609944427774,0.7785297243475252,0.22147027565247474,1.0
137,0.00026401997934569774,0.556057255527314,0.4439427444726859,0.9999999999999999
138,0.0002535188242048592,0.7081952644728138,0.29180473552718617,1.0
139,0.00024708051936185794,0.7322699540493973,0.2677300459506027,1.0
140,0.0002521728468359447,0.7167615864305082,0.28323841356949164,0.9999999999999999
141,0.00022297048933259833,0.7360513086980336,0.26394869130196635,1.0
142,0.0002561502844124925,0.6826453791451934,0.3173546208548066,1.0
143,0.00022232120594880772,0.8104879881404704,0.18951201185952965,1.0
144,0.00025316930302859666,0.7361552848951556,0.2638447151048443,0.9999999999999999
145,0.00023379397545012786,0.863683112448218,0.13631688755178195,1.0
146,0.0002535327880843249,0.7232822321566882,0.27671776784331187,1.0
147,0.0002475564749722102,0.7884055359335481,0.21159446406645196,1.0
148,0.00024249535518790916,0.7997582368339196,0.2002417631660805,1.0
149,0.00025172208193807895,0.6555557352446216,0.3444442647553785,1.0
150,0.00025057836263719187,0.6668538620748303,0.3331461379251698,1.0
151,0.0002736076853970097,0.4844510781562285,0.5155489218437715,1.0
152,0.00024444831943989703,0.9659478259537294,0.03405217404627055,1.0
153,0.0002638071316634168,0.5772515653674758,0.42274843463252426,1.0
154,0.00022745384566450475,0.933823508964363,0.06617649103563711,1.0
155,0.0002406294418054589,0.8680635312654781,0.13193646873452192,1.0
156,0.00026592034578043976,0.5937721341541199,0.40622786584588005,1.0
157,0.00025591636405830425,0.6790276638201554,0.3209723361798446,1.0
158,0.00025448953429825277,0.7097720916946685,0.29022790830533146,1.0
159,0.0002525149054529504,0.6941854477446401,0.30581455225535986,1.0
160,0.00025208817187132146,0.7542417605092859,0.24575823949071401,1.0
161,0.00022617586620198656,0.830647229249709,0.169352770750291,1.0
162,0.0002592949821995084,0.6707910185513982,0.3292089814486018,1.0
163,0.00023690541382990766,0.7328851914940945,0.2671148085059056,1.0
164,0.0002499527962610595,0.6406108270195652,0.3593891729804347,0.9999999999999999
165,0.000252061707885455,0.7621761319051574,0.2378238680948426,1.0
166,0.00025399647925986523,0.7399852855236756,0.2600147144763244,1.0
167,0.00024409029873217615,0.7654725555854368,0.23452744441456314,1.0
168,0.0002514499799562529,0.7764236123084759,0.22357638769152402,0.9999999999999999
169,0.0002579221993008088,0.6707455671962583,0.3292544328037418,1.0
170,0.00023079998523918408,0.8647143675400538,0.13528563245994618,1.0
171,0.0002375206891690046,0.8945214916794136,0.10547850832058632,1.0
172,0.00025553708286425606,0.7097243583712243,0.29027564162877584,1.0
173,0.00024154482703528667,0.8034512267049748,0.19654877329502515,1.0
174,0.00023875916411397752,0.8742433426745447,0.1257566573254553,1.0
175,0.00024737637503780344,0.6995983387793697,0.3004016612206302,1.0
176,0.00024631009331064796,0.7897167519960888,0.21028324800391116,1.0
177,0.0002480371785714832,0.7289249573499212,0.2710750426500789,1.0000000000000002
178,0.0002503683137417488,0.7868896893902959,0.21311031060970415,1.0
179,0.0002458481815595869,0.7054222770668985,0.29457772293310147,1.0
180,0.00025555071876846885,0.6836027543569464,0.3163972456430535,0.9999999999999999
181,0.00024778695983105004,0.7901717603531975,0.2098282396468025,1.0
182,0.00025099427145271045,0.7304399022695215,0.2695600977304784,0.9999999999999999
183,0.00024834010747283336,0.8330605783760142,0.16693942162398573,1.0
184,0.000235910862012603,0.7443917830245492,0.2556082169754507,1.0
185,0.00024848173313427637,0.7881150027440238,0.21188499725597615,1.0
186,0.00025540711525236844,0.6183595668547962,0.3816404331452038,1.0
187,0.00025029093966266535,0.7797931880037992,0.2202068119962008,1.0
188,0.000234025057239596,0.7834124730699642,0.2165875269300358,1.0
189,0.0002406841609986816,0.8866755157819255,0.1133244842180746,1.0
190,0.00026909510030267004,0.5755768715151864,0.42442312848481356,1.0
191,0.0002561967183817637,0.7064230719896781,0.2935769280103218,1.0
192,0.0002494249734673744,0.7198540689959874,0.2801459310040126,1.0
193,0.0002505177463466255,0.7124566499087052,0.28754335009129495,1.0
194,0.00024361953324442305,0.7955895316185734,0.20441046838142674,1.0
195,0.00025467698462797433,0.6720839151692257,0.32791608483077445,1.0000000000000002
196,0.00024539614315198294,0.8309827275901104,0.1690172724098896,1.0
197,0.0002625908200743237,0.6312412577850455,0.3687587422149546,1.0
198,0.0002485104214919086,0.8968455216018049,0.10315447839819523,1.0
199,0.0002532778565466764,0.5798297830966507,0.4201702169033493,1.0
200,0.0002662817184682277,0.5830003399919952,0.4169996600080048,1.0
201,0.00024604937531324427,0.8700406975009068,0.12995930249909315,1.0
202,0.0002468581877958874,0.8116343447413418,0.1883656552586582,1.0
203,0.0002542465189475414,0.697819576592421,0.302180423407579,1.0
204,0.000248468182800324,0.8018312869320713,0.1981687130679287,1.0
205,0.0002476382326348574,0.8372145941373543,0.1627854058626456,0.9999999999999999
206,0.00026974529734538063,0.5709567424346974,0.4290432575653026,1.0
207,0.00026427750844667077,0.5696972266188799,0.43030277338111994,0.9999999999999998
208,0.00024823443908239827,0.9108940503179438,0.08910594968205623,1.0
209,0.00026922280547327164,0.566633702953063,0.43336629704693685,0.9999999999999999
210,0.0002445967709833714,0.927157009876165,0.07284299012383516,1.0000000000000002
211,0.0002684607249135257,0.570018540038619,0.429981459961381,1.0
212,0.0002480181072148475,0.7352297135660688,0.2647702864339311,0.9999999999999999
213,0.0002492450921685887,0.8158549383405581,0.18414506165944183,1.0
214,0.00023950879900571121,0.7129606502571985,0.2870393497428015,1.0
215,0.00024795940444646765,0.8383692927877184,0.16163070721228162,1.0
216,0.0002368399418556112,0.7039010791374475,0.29609892086255263,1.0
217,0.0002514196054669496,0.7749095778473282,0.22509042215267186,1.0
218,0.0002307152488130813,0.818320129610968,0.18167987038903202,1.0
219,0.0002522419909835341,0.7542262771768288,0.24577372282317128,1.0
220,0.00025302796654724314,0.7422318694920009,0.2577681305079991,1.0
221,0.0002458444846571475,0.8213205785066274,0.17867942149337268,1.0
222,0.0002574562977659841,0.694916889764376,0.30508311023562396,1.0
223,0.0002479495490137409,0.8204753008910436,0.17952469910895638,1.0
224,0.0002580475152329467,0.5407707791594495,0.45922922084055057,1.0
225,0.00024934179384803563,0.8668312369516776,0.1331687630483223,0.9999999999999999
226,0.0002485518874811683,0.55678717940823,0.4432128205917701,1.0
227,0.0002468656078872116,0.8811667795485826,0.11883322045141738,1.0
228,0.0002490587005182299,0.8256427555820677,0.17435724441793224,0.9999999999999999
229,0.00025226291732821063,0.5822095985321146,0.41779040146788543,1.0
230,0.00024287919036548245,0.7680267905585602,0.23197320944143973,0.9999999999999999
231,0.0002511297384817229,0.7353527493898495,0.26464725061015043,1.0
232,0.00024301147393897884,0.7990914837715216,0.20090851622847833,1.0
233,0.00024921468571896315,0.7725755425359061,0.2274244574640938,0.9999999999999999
234,0.00024645998581753387,0.9262159572733508,0.07378404272664908,0.9999999999999999
235,0.0002682949774037578,0.5544927668725017,0.44550723312749824,1.0
236,0.0002380032727869211,0.829169993257492,0.1708300067425081,1.0
237,0.0002490575256227173,0.8715906265444971,0.12840937345550277,0.9999999999999999
238,0.00027706445424808683,0.5109651257894825,0.48903487421051756,1.0
239,0.0002465565787392041,0.8501351395688833,0.1498648604311166,0.9999999999999999
240,0.00024027228248203557,0.7889809500004135,0.2110190499995866,1.0
241,0.00025299929347213137,0.7177122823722438,0.28228771762775623,1.0
242,0.00024587098403621214,0.8990862678702148,0.10091373212978512,1.0
243,0.00026924585370942616,0.561716869984046,0.4382831300159539,1.0
244,0.00024097841293296255,0.8665263198074266,0.13347368019257347,1.0
245,0.0002301867943150557,0.8027520737352063,0.19724792626479376,1.0
246,0.00025884982117635837,0.6719093522118346,0.3280906477881654,1.0
247,0.00023064642822529774,0.851099726265854,0.1489002737341461,1.0
248,0.00023842045107132895,0.8375014540196227,0.16249854598037727,1.0
249,0.0002636941462414764,0.6267019318733742,0.37329806812662575,1.0
250,0.00024061445020690151,0.7967463641859295,0.20325363581407058,1.0
251,0.00024702755059888656,0.8096875561568068,0.19031244384319318,1.0
252,0.00026022489603431416,0.6530257951417965,0.34697420485820346,1.0
253,0.00024786194251087576,0.7838860834595206,0.2161139165404795,1.0
254,0.0002479526549577189,0.7793360172729941,0.22066398272700596,1.0
255,0.00024766595363622673,0.7494125841340095,0.25058741586599065,1.0
256,0.0002487052027815586,0.6588853312967033,0.34111466870329676,1.0
257,0.00025003581787026334,0.7092651868229829,0.2907348131770171,1.0
258,0.00023834191520253646,0.8324372142362554,0.16756278576374461,1.0
259,0.0002561063949970809,0.6947474521413972,0.30525254785860273,1.0
260,0.0002597472759581247,0.6199876293402935,0.3800123706597065,1.0
261,0.0002353768721866819,0.9043512012273944,0.09564879877260557,1.0
262,0.0002600644629672305,0.6515002794191422,0.3484997205808578,1.0
263,0.00022719732314487978,0.8922643737273641,0.10773562627263594,1.0
264,0.0002493284721132427,0.8033259588605609,0.1966740411394391,1.0
265,0.00023560807488871038,0.6458000912175023,0.35419990878249774,1.0
266,0.0002518809630963958,0.7592055196110594,0.24079448038894063,1.0
267,0.0002537219817039607,0.73611659408973,0.26388340591027,1.0
268,0.00023509327897964694,0.7534286104003967,0.24657138959960329,1.0
269,0.0002544557894224145,0.719956340993802,0.280043659006198,1.0
270,0.00023374456661094897,0.7855960559548391,0.214403944045161,1.0
271,0.0002471751442245433,0.7696732823243972,0.23032671767560273,1.0
272,0.00024058687389761098,0.8911370103565891,0.10886298964341089,1.0
273,0.00026575185239677984,0.6056353241237804,0.39436467587621954,1.0
274,0.00025868091206342686,0.6698215679890315,0.3301784320109685,1.0
275,0.0002659690432447342,0.5995264049382969,0.40047359506170305,1.0
276,0.00023299262998996849,0.9122021732911182,0.08779782670888175,1.0
277,0.00023688108853355837,0.8987612913499843,0.10123870865001572,1.0
278,0.00027008282332733615,0.5726431931213205,0.42735680687867955,1.0
279,0.0002476069661584419,0.7178551710969259,0.2821448289030742,1.0
280,0.0002511006101100844,0.7595838838620174,0.24041611613798256,0.9999999999999999
281,0.00023732636600966645,0.6808507152060532,0.3191492847939467,1.0
282,0.0002538103850941083,0.6255572911846432,0.3744427088153567,0.9999999999999999
283,0.0002503114242760665,0.8443834773540322,0.15561652264596784,1.0
284,0.0002477973953242562,0.8377597851369584,0.16224021486304147,0.9999999999999998
285,0.00025160772733453493,0.7649102495583046,0.23508975044169556,1.0
286,0.00023391725625622494,0.7709072974631037,0.2290927025368963,1.0
287,0.00023183081055695452,0.8014457937124736,0.19855420628752637,1.0
288,0.0002426587422111118,0.7783187054129075,0.2216812945870925,1.0
289,0.00025191700061925936,0.6357783715468127,0.36422162845318723,1.0
290,0.0002493269109892506,0.8332611355261945,0.1667388644738056,1.0
291,0.00024864040513770805,0.6537541811071539,0.3462458188928461,1.0
292,0.00026585141103096035,0.5593386413425502,0.44066135865744993,1.0
293,0.00024794792282608095,0.8631200348822765,0.13687996511772346,1.0
294,0.00023918285986465772,0.6379285629522775,0.36207143704772243,1.0
295,0.0002570346124036535,0.6182021026223884,0.38179789737761166,1.0
296,0.0002180001972353378,0.9195101212988556,0.08048987870114434,0.9999999999999999
297,0.0002642977129287265,0.579499050785232,0.42050094921476794,1.0
298,0.00023566575891947444,0.6292714105271835,0.37072858947281656,1.0
299,0.00023742895240883054,0.8381678959127301,0.16183210408726995,1.0
300,0.0002382984666366935,0.7668603764099475,0.2331396235900524,1.0
301,0.0002480015016252697,0.8012911694742244,0.19870883052577565,1.0
302,0.00023742932472674467,0.6856212561738264,0.3143787438261736,1.0
303,0.0002596233799691242,0.6644616632359241,0.33553833676407585,1.0
304,0.00026041783005253537,0.6567890602957276,0.3432109397042725,1.0
305,0.0002523480902470268,0.7235405773303056,0.2764594226696943,1.0
306,0.0002480026807980893,0.8495714800668349,0.15042851993316517,1.0
307,0.00023375328142822402,0.7595395595058002,0.24046044049419973,1.0
308,0.00023264287099170674,0.7456156332097953,0.25438436679020476,1.0
309,0.0002479221722583273,0.8534920817802525,0.14650791821974746,1.0
310,0.0002494274472746172,0.7537060224729424,0.24629397752705762,1.0
311,0.0002595393324904194,0.6493107190578317,0.35068928094216817,0.9999999999999998
312,0.0002421401334956397,0.8318863577848127,0.16811364221518735,1.0
313,0.0002532247513865058,0.6930844604655578,0.30691553953444206,0.9999999999999999
314,0.00026065263748801,0.6491895825043512,0.3508104174956486,0.9999999999999998
315,0.00024383770361169563,0.8750450415761086,0.12495495842389136,1.0
316,0.00026163427813044083,0.5828144315023764,0.41718556849762356,1.0
317,0.0002487181829989021,0.7350212377407376,0.2649787622592623,0.9999999999999999
318,0.00024219106099979945,0.8140112056963843,0.18598879430361576,1.0
319,0.0002485379268713223,0.7605444142930532,0.2394555857069467,0.9999999999999999
320,0.000260565534436073,0.6281699758858219,0.37183002411417815,1.0
321,0.0002415613798074847,0.7897240229414392,0.21027597705856085,1.0
322,0.000247803570406582,0.7825991251476947,0.21740087485230525,1.0
323,0.0002343378585036863,0.8765084358960333,0.12349156410396676,1.0
324,0.0002614633107383071,0.6468381340778692,0.3531618659221308,1.0
325,0.00022468446296057806,0.7583168834425482,0.24168311655745175,1.0
326,0.00025536316943675997,0.7196734744576048,0.28032652554239523,1.0
327,0.0002414927435783902,0.7807192110052305,0.21928078899476947,0.9999999999999999
328,0.0002460828485191843,0.7872840346015406,0.21271596539845933,1.0
329,0.00025845157342213186,0.6778800788158461,0.322119921184154,1.0
330,0.00022669986416140608,0.9061822999954247,0.09381770000457527,0.9999999999999999
331,0.00026683135576983696,0.5911486541471435,0.4088513458528565,1.0
332,0.00022757628053298506,0.8849583731904176,0.11504162680958245,1.0
333,0.0002581986809767896,0.6769683291330302,0.3230316708669699,1.0
334,0.0002686563939037268,0.37772717187058724,0.6222728281294129,1.0
335,0.0002670358597021479,0.589641368964065,0.4103586310359351,1.0000000000000002
336,0.00026321241845392166,0.6284417306491761,0.37155826935082403,1.0
337,0.00024275304026084412,0.7916645612016193,0.20833543879838076,1.0
338,0.00025935482330821186,0.6509611132424655,0.3490388867575345,1.0
339,0.00025004433378876225,0.7281881572286537,0.2718118427713462,0.9999999999999999
340,0.0002477974849488924,0.7608148313060533,0.23918516869394674,1.0
341,0.0002511863164456911,0.7037250951866628,0.29627490481333724,1.0
342,0.0002477750926925057,0.8088139158064569,0.1911860841935431,1.0
343,0.0002578163877733942,0.6906613283752553,0.3093386716247447,1.0
344,0.0002625308361285344,0.6204134420049988,0.3795865579950012,1.0
345,0.00023021847396222523,0.8883792815621191,0.11162071843788092,1.0
346,0.0002587589499604802,0.6390195195800458,0.36098048041995423,1.0
347,0.0002482539868591757,0.8290282561790515,0.17097174382094837,0.9999999999999999
348,0.0002582419029463008,0.6856576702030278,0.31434232979697224,1.0
349,0.00023225578688115705,0.7523684726769607,0.2476315273230392,0.9999999999999999
350,0.0002461255451345475,0.7609064772130294,0.23909352278697063,1.0
351,0.00024999777243112564,0.7884307220024938,0.2115692779975063,1.0
352,0.00023084912874672336,0.7089527269210859,0.2910472730789141,1.0
353,0.0002506083675704618,0.803596692408278,0.19640330759172203,1.0
354,0.0002371854543671846,0.7942387596902163,0.2057612403097837,1.0
355,0.0002567533507194227,0.6477617880647913,0.3522382119352086,1.0
356,0.00024511500621897164,0.7959044404697365,0.2040955595302636,1.0
357,0.0002640507587374156,0.5924151266968495,0.40758487330315046,1.0
358,0.0002608966795205354,0.6083123370715554,0.3916876629284446,1.0
359,0.0002482891592823178,0.8013921360118905,0.19860786398810948,1.0
360,0.00025677164177910136,0.6931244047747124,0.3068755952252876,1.0
361,0.0002577446504230215,0.687512740087852,0.31248725991214793,1.0
362,0.00022881756085890717,0.838663208282546,0.16133679171745394,1.0
363,0.00024900376560067793,0.7884796767917971,0.2115203232082028,0.9999999999999999
364,0.0002492771804693402,0.8334388614633883,0.16656113853661167,1.0
365,0.00026877257766633986,0.5784546904522292,0.42154530954777075,1.0
366,0.0002234721058574826,0.873706977929275,0.1262930220707249,0.9999999999999999
367,0.0002565924629195274,0.6843292233074798,0.3156707766925203,1.0
368,0.00023727731039446928,0.7430985006640594,0.2569014993359407,1.0
369,0.0002534859628640159,0.7451600034789877,0.2548399965210123,1.0
370,0.00022780894854428625,0.8078263238204985,0.19217367617950148,1.0
371,0.00024868199432465863,0.7584325841829511,0.2415674158170488,0.9999999999999999
372,0.00025187127531981813,0.7125269428739441,0.2874730571260559,1.0
373,0.00024413674095007045,0.7706106615483411,0.22938933845165888,1.0
374,0.0002509616263435315,0.7346977745039721,0.26530222549602783,1.0
375,0.00024656573119409157,0.7902960902555427,0.2097039097444572,0.9999999999999999
376,0.00025026849754068714,0.9032354088029186,0.09676459119708132,1.0
377,0.00025740858258083415,0.6134701125554863,0.3865298874445136,1.0
378,0.0002490520138738702,0.8404643915581242,0.15953560844187567,0.9999999999999999
379,0.00023921187837387046,0.6471377294508772,0.3528622705491229,1.0
380,0.0002562574756223823,0.7043907959587987,0.2956092040412014,1.0
381,0.0002643593300693782,0.5414733371063944,0.4585266628936056,1.0
382,0.00024814836065207186,0.8873957723628598,0.1126042276371401,0.9999999999999999
383,0.0002602396781101878,0.6612371932496102,0.3387628067503898,1.0
384,0.0002657435651446822,0.5363045115501208,0.4636954884498792,1.0
385,0.00025312417515442186,0.9222180795728594,0.07778192042714056,1.0
386,0.0002539263470993189,0.9333690960208436,0.06663090397915647,1.0
387,0.0002540697142435675,0.9353246482587967,0.06467535174120335,1.0
388,0.00025514039574240163,0.6802360753333353,0.3197639246666647,1.0
389,0.00024282016289993376,0.7551666710148732,0.24483332898512689,1.0
390,0.0002483910560993242,0.827660871074347,0.172339128925653,1.0
391,0.00025806729709096636,0.6147213192820014,0.3852786807179987,1.0
392,0.00024974788814163855,0.7872024206153158,0.21279757938468413,0.9999999999999999
393,0.0002344543294148128,0.7436362457049777,0.25636375429502234,1.0
394,0.00024779597069111097,0.7888507589584689,0.21114924104153096,0.9999999999999999
395,0.00025391316507182365,0.7013511468869106,0.29864885311308936,1.0
396,0.00024343184268430104,0.8189297473524196,0.18107025264758045,1.0
397,0.00025024713845911027,0.7343363923939369,0.2656636076060632,1.0
398,0.00024858785372577344,0.6654962941021593,0.3345037058978407,1.0
399,0.0002478569835788569,0.8304227968052554,0.16957720319474442,0.9999999999999999
400,0.0002579608514442708,0.5928356232754619,0.40716437672453815,1.0
401,0.00025206866395747525,0.6580565096384319,0.34194349036156807,1.0
402,0.00025174749597381136,0.7641812190862238,0.23581878091377614,1.0
403,0.0002432282468308709,0.656179305458413,0.34382069454158687,0.9999999999999998
404,0.0002465690784960845,0.8418863380964001,0.15811366190359993,1.0
405,0.00025789732820867583,0.6779821556319816,0.3220178443680183,0.9999999999999999
406,0.00025939875931702894,0.6084384326325942,0.39156156736740577,1.0
407,0.00024622433379862683,0.6931371462717604,0.3068628537282396,1.0
408,0.00025102465526978133,0.7618405139017209,0.23815948609827908,1.0
409,0.0002672440377168739,0.590598680274386,0.409401319725614,1.0
410,0.0002446128361416001,0.8992085075262811,0.10079149247371894,1.0
411,0.0002465727705167567,0.7730973553090424,0.22690264469095756,1.0
412,0.00026340218523442717,0.5705002845360323,0.42949971546396765,1.0
413,0.0002221891068272179,0.8547584575302107,0.14524154246978926,1.0
414,0.0002520530056325862,0.7208328264284884,0.2791671735715116,1.0
415,0.0002497606268327061,0.7477494743501123,0.2522505256498877,1.0
416,0.0002617845456118715,0.6407078053397572,0.35929219466024276,1.0
417,0.0002441267603720597,0.8125978973850443,0.1874021026149558,1.0
418,0.00025052075713700956,0.7758963880022324,0.22410361199776768,1.0
419,0.00023348296286792658,0.8340971741325901,0.16590282586740984,1.0
420,0.00025225863301005957,0.7069049402381284,0.29309505976187167,1.0
421,0.00025960394596676116,0.6470277089485952,0.35297229105140476,1.0
422,0.0002738945171642425,0.5230479010985014,0.47695209890149853,1.0
423,0.00025308130005381193,0.9302885480016734,0.06971145199832654,0.9999999999999999
424,0.0002674791536356252,0.5779840805588781,0.4220159194411218,0.9999999999999999
425,0.00024943152179157256,0.7281508594862041,0.271849140513796,1.0
426,0.0002499823812953954,0.7604468534368429,0.2395531465631571,1.0
427,0.00025414728834102107,0.64688525680559,0.35311474319441005,1.0
428,0.0002494951549444223,0.7914235338286257,0.2085764661713744,1.0000000000000002
429,0.00025760927794779315,0.6204615300584376,0.3795384699415623,1.0
430,0.00026594040567148744,0.5620858784652514,0.4379141215347485,0.9999999999999999
431,0.00026254907429348103,0.6432348262380763,0.35676517376192374,1.0
432,0.0002568361100699584,0.9715869738986268,0.02841302610137316,1.0
433,0.00025922474776885526,0.6526529997376301,0.34734700026236986,1.0
434,0.0002626634567278944,0.636941823803876,0.363058176196124,1.0
435,0.00023232254270771503,0.911308516130466,0.088691483869534,1.0
436,0.0002658454541331293,0.6118817712499568,0.38811822875004315,1.0
437,0.0002372678335283143,0.92933823408585,0.07066176591415002,1.0
438,0.000248158743018555,0.807178536753042,0.19282146324695806,1.0
439,0.00025115454730851184,0.7918223889701757,0.2081776110298244,1.0
440,0.0002614007703113714,0.650950678959825,0.34904932104017494,0.9999999999999999
441,0.00025864856787713615,0.6746329514598802,0.3253670485401199,1.0
442,0.00023272877201329089,0.8553183640956193,0.14468163590438068,1.0
443,0.00025786246916165303,0.6868116600120757,0.3131883399879244,1.0
444,0.000250578911119817,0.7828959481844399,0.2171040518155601,1.0
445,0.000244774085022129,0.7745408250634498,0.2254591749365503,1.0
446,0.00023402380039411373,0.834667818858049,0.16533218114195097,1.0
447,0.00024008100073235163,0.917851638351362,0.08214836164863806,1.0
448,0.00023614595040045394,0.6934719992245215,0.30652800077547837,0.9999999999999999
449,0.0002599032334434479,0.6597520037091611,0.3402479962908389,1.0
450,0.00024077415047192208,0.8836431018996358,0.11635689810036419,1.0
451,0.00026845834024831657,0.5845337204273823,0.4154662795726177,1.0
452,0.00024406523094118313,0.9122343186552394,0.08776568134476047,0.9999999999999999
453,0.0002560251031160312,0.7054249101138372,0.2945750898861628,1.0
454,0.0002623686171193923,0.5093922953613166,0.4906077046386835,1.0
455,0.00023854607058367456,0.857009885130791,0.14299011486920887,0.9999999999999999
456,0.0002659762196806146,0.4820053932452666,0.5179946067547334,1.0
457,0.0002549524266908376,0.7084731162689345,0.29152688373106556,1.0
458,0.00026156576176114197,0.6393356379296854,0.3606643620703147,1.0
459,0.00022365715335228897,0.908380860488579,0.09161913951142098,1.0
460,0.00024768808376955025,0.7556129878707322,0.2443870121292679,1.0
461,0.00026857048254630395,0.5671716079083354,0.4328283920916645,1.0
462,0.00025029399106668256,0.9083108508916682,0.09168914910833183,1.0
463,0.000276373303955067,0.49675328676281166,0.5032467132371883,1.0
464,0.00024986408456132586,0.8742862576621365,0.12571374233786348,1.0
465,0.0002690947763748175,0.5003116629487862,0.49968833705121396,1.0
466,0.0002643908718217871,0.61741320781838,0.3825867921816199,1.0
467,0.0002474131462141975,0.861368589758527,0.1386314102414728,0.9999999999999998
468,0.0002604226668536874,0.6559929255195759,0.3440070744804241,1.0
469,0.00022975742024073238,0.8373861913662767,0.16261380863372332,1.0
470,0.0002677558859858907,0.5770583735119561,0.42294162648804384,1.0
471,0.00023618365905167825,0.7643643581872572,0.23563564181274282,1.0
472,0.00024932053846450137,0.8125069547087929,0.1874930452912071,1.0
473,0.00024569470369589715,0.8048954551947518,0.1951045448052481,0.9999999999999999
474,0.00025305831412494536,0.6993138768664969,0.30068612313350296,0.9999999999999999
475,0.000248673959676096,0.8091557639004536,0.1908442360995464,1.0
476,0.0002515743922878073,0.7301851383126101,0.26981486168738994,1.0
477,0.00024805526092930703,0.6771544090195883,0.3228455909804117,1.0
478,0.0002496265617972305,0.8964464092421902,0.10355359075780975,1.0
479,0.0002517966876044551,0.7310828654376413,0.26891713456235866,1.0
480,0.00025448212524072,0.728716163956736,0.2712838360432641,1.0
481,0.00024385458376946742,0.7973555845741296,0.20264441542587044,1.0
482,0.00026100642754625533,0.6534657907739808,0.34653420922601913,1.0
483,0.00023084004025610079,0.792796321198998,0.20720367880100207,1.0
484,0.00025035439011654806,0.7723738840008769,0.227626115999123,0.9999999999999999
485,0.00025685110514793837,0.6878766328100077,0.31212336718999234,1.0
486,0.00023145841724715182,0.8259089909736902,0.17409100902630983,1.0
487,0.0002596183631026374,0.6668453307292612,0.3331546692707387,1.0
488,0.00024856655416651214,0.8018553809380071,0.19814461906199288,1.0
489,0.0002342182398160895,0.7352447244226883,0.2647552755773117,1.0
490,0.0002501308097536344,0.7927528102968291,0.20724718970317088,1.0
491,0.00023025627752573335,0.7433278428700666,0.2566721571299333,0.9999999999999999
492,0.0002620870705835365,0.6455951794706121,0.3544048205293879,1.0
493,0.00026070909772008476,0.6320498010233006,0.3679501989766994,1.0
494,0.0002450006040008323,0.8292469353665562,0.17075306463344375,1.0
495,0.0002565890461010906,0.6885082993285511,0.3114917006714488,0.9999999999999999
496,0.00023891813643292913,0.8479208369632617,0.15207916303673832,1.0
497,0.00024513724266549965,0.7453687191348632,0.2546312808651367,1.0
498,0.00026287079520592705,0.6236620022227146,0.3763379977772854,1.0
499,0.00028081771637351616,0.470940450583483,0.5290595494165169,0.9999999999999999
500,0.00025354184872730694,0.9322478752728908,0.06775212472710933,1.0
501,0.00025349655784925466,0.6472700675266186,0.3527299324733813,1.0
502,0.00024615756784672255,0.8761575884869587,0.12384241151304122,0.9999999999999999
503,0.00023403004409665773,0.749423473497142,0.25057652650285794,1.0
504,0.0002593023177003019,0.6734209826483016,0.32657901735169836,1.0
505,0.00023495529439822971,0.848417497243248,0.15158250275675195,1.0
506,0.00026174747155757077,0.6503912382508518,0.34960876174914834,1.0
507,0.0002359262751506908,0.8730364680859432,0.12696353191405682,1.0
508,0.00026708258054465177,0.5921208154627104,0.40787918453728955,1.0
509,0.00022813839118058496,0.8597774471177431,0.14022255288225685,0.9999999999999999
510,0.0002462009075423214,0.8399006462133212,0.1600993537866788,1.0
511,0.00024776940731657175,0.8412047476837786,0.15879525231622144,1.0
512,0.0002487407341416027,0.6615308003882066,0.33846919961179334,0.9999999999999999
513,0.0002501007382334013,0.7756732075401492,0.22432679245985077,1.0
514,0.0002446876989511368,0.7672796337855593,0.23272036621444064,1.0
515,0.00025126675714655426,0.7230229242592225,0.2769770757407774,1.0
516,0.00025120382883612715,0.7173206522232858,0.2826793477767143,1.0
517,0.00024241656431813177,0.8503505888046872,0.14964941119531283,1.0
518,0.0002563501023351556,0.6679643330866775,0.33203566691332265,1.0
519,0.0002579272000990785,0.6654102605455777,0.3345897394544223,1.0
520,0.00026558711316438456,0.6040923836458361,0.3959076163541639,1.0
521,0.00024420491570496637,0.8020870824589763,0.1979129175410238,1.0
522,0.00025463679322812715,0.7106847614560433,0.2893152385439568,1.0
523,0.00026672498549992063,0.6012531912254878,0.39874680877451235,1.0000000000000002
524,0.00026023525425197103,0.6573995658816125,0.3426004341183874,1.0
525,0.00024091013775616254,0.7995971955136527,0.2004028044863473,1.0
526,0.0002522991754496942,0.7571351223866769,0.242864877613323,0.9999999999999999
527,0.0002689026038987922,0.5497081965053835,0.45029180349461656,1.0
528,0.00024971887956080956,0.8950079245790202,0.10499207542097976,1.0
529,0.00023416151081765102,0.5895105848613964,0.41048941513860354,1.0
530,0.0002514652521725567,0.7206023619376695,0.2793976380623304,0.9999999999999999
531,0.00025738024811302896,0.6693820752294268,0.3306179247705732,1.0
532,0.00024639777993466685,0.8010925530738928,0.19890744692610715,1.0
533,0.00024913844003369556,0.7617337461059295,0.2382662538940705,1.0
534,0.0002526315326721093,0.7138826296072045,0.2861173703927956,1.0
535,0.00025473410044869396,0.7026333581967265,0.2973666418032735,1.0
536,0.00024036952278338252,0.7662592706714261,0.233740729328574,1.0
537,0.00025521783261751456,0.7023314408083713,0.29766855919162877,1.0
538,0.00025107901599153955,0.7642248166261209,0.23577518337387912,1.0
539,0.0002643549829667989,0.5936989738923762,0.40630102610762364,0.9999999999999999
540,0.0002512188355737374,0.6794258870217347,0.3205741129782653,1.0
541,0.0002565198078283427,0.5988272827152055,0.4011727172847945,1.0
542,0.00024387392041074344,0.8303390978501958,0.16966090214980425,1.0
543,0.0002462525776663596,0.596211928954863,0.403788071045137,1.0
544,0.0002466581671474065,0.8028715309271827,0.19712846907281725,0.9999999999999999
545,0.0002480150802439978,0.7827115511312858,0.21728844886871412,0.9999999999999999
546,0.00023208653360852176,0.714207378732905,0.2857926212670949,0.9999999999999999
547,0.00024955347984273305,0.810587424627056,0.18941257537294393,1.0
548,0.00023653752117944036,0.7038568924605481,0.2961431075394519,1.0
549,0.00025125691079728806,0.7806918425393047,0.21930815746069535,1.0
550,0.000253924784900322,0.5797905296686927,0.42020947033130723,1.0
551,0.00023824672465186936,0.7946919342630181,0.20530806573698185,1.0
552,0.0002587243039147179,0.6721116119022841,0.327888388097716,1.0
553,0.0002284883594601943,0.8680128042457633,0.13198719575423656,0.9999999999999999
554,0.00024954181233607703,0.7072309454210789,0.29276905457892105,1.0
555,0.00022983046664673106,0.7064392810237514,0.2935607189762486,1.0
556,0.0002585206738277917,0.6650070865963181,0.3349929134036818,1.0
557,0.00024846303293622735,0.7510625272261268,0.24893747277387326,1.0
558,0.0002551842552551601,0.6438903462845484,0.3561096537154515,1.0
559,0.0002491972940459515,0.8598968915874035,0.1401031084125965,1.0
560,0.00025730713387456456,0.5711298666572454,0.4288701333427546,1.0
561,0.0002459006927424527,0.8968441154037491,0.10315588459625087,1.0
562,0.00027218895404321187,0.5520243767942948,0.4479756232057052,1.0
563,0.00028872944396310716,0.4131047281587343,0.5868952718412658,1.0
564,0.00025371699348156163,0.9402358774955986,0.059764122504401385,1.0
565,0.0002547122257309362,0.7231360222841517,0.2768639777158484,1.0000000000000002
566,0.00025058494058636757,0.7196380344614126,0.28036196553858744,1.0
567,0.00025339225119646013,0.6901428786300954,0.3098571213699046,1.0
568,0.00025701820573377976,0.6798460880293251,0.320153911970675,1.0
569,0.0002470914677284799,0.7745773295165461,0.22542267048345388,1.0
570,0.0002582803170219544,0.669687461044294,0.330312538955706,1.0
571,0.00024138393457040586,0.9308240011893424,0.06917599881065757,1.0
572,0.00025439580440158964,0.9370263065107897,0.06297369348921036,1.0
573,0.00026142723314440987,0.6315683676558218,0.36843163234417814,1.0
574,0.00025381138186875634,0.6970928197627314,0.30290718023726865,1.0
575,0.0002495465406121652,0.7441127246209474,0.25588727537905265,1.0
576,0.0002447432596990293,0.7557510924932267,0.24424890750677328,1.0
577,0.00023994863919683554,0.7992363175522469,0.20076368244775317,1.0
578,0.00024262872551301592,0.8334156395863156,0.16658436041368452,1.0
579,0.0002538073586713207,0.703017626258269,0.2969823737417309,1.0
580,0.0002496106320547504,0.7369783440004509,0.26302165599954924,1.0000000000000002
581,0.00024988279905749247,0.7576871684780068,0.24231283152199326,1.0
582,0.00027766864324586744,0.4383359666710921,0.5616640333289079,1.0
583,0.0002691249658428249,0.5759809048421334,0.4240190951578666,1.0
584,0.0002482115754366101,0.9011152857354268,0.09888471426457311,0.9999999999999999
585,0.0002556805019186797,0.698869958945592,0.3011300410544081,1.0
586,0.00025174540129907,0.7574486827998601,0.2425513172001398,0.9999999999999999
587,0.0002454288030207404,0.7359142659214533,0.2640857340785468,1.0
588,0.0002508964194162163,0.6934585523325721,0.30654144766742775,0.9999999999999999
589,0.0002529466573688589,0.7333458090558082,0.26665419094419185,1.0
590,0.00025584185625905073,0.6505837454921608,0.34941625450783914,1.0
591,0.000246727559854128,0.8114995512818539,0.18850044871814617,1.0
592,0.00022377349760251526,0.7862129824830144,0.21378701751698567,1.0
593,0.00025359238056099176,0.7315973221065191,0.2684026778934809,1.0
594,0.00024772242697522007,0.8287121890854622,0.17128781091453785,1.0
595,0.00025174140128990234,0.700986811434132,0.299013188565868,1.0
596,0.00025319737571417004,0.7138689443952911,0.2861310556047088,1.0
597,0.0002492087378150782,0.7404438053287834,0.25955619467121654,1.0
598,0.00025567073349549833,0.6315641093058655,0.36843589069413446,1.0
599,0.0002475792454929521,0.8557550674264454,0.1442449325735547,1.0
600,0.0002435270569343922,0.820835948775441,0.17916405122455892,0.9999999999999999
601,0.00026340589497948264,0.6205471222904229,0.37945287770957703,0.9999999999999999
602,0.00022803143898024515,0.7673811602722674,0.23261883972773253,1.0
603,0.00023459437160883005,0.7440181841238429,0.2559818158761571,1.0
604,0.000255619134265983,0.5966259832372587,0.40337401676274137,1.0
605,0.00025765488268742387,0.5269199495946969,0.47308005040530315,1.0
606,0.0002467816119739866,0.8501245098895897,0.1498754901104103,1.0
607,0.0002461240362201818,0.7648030361143652,0.23519696388563488,1.0
608,0.0002517021543726996,0.727492669365895,0.27250733063410515,1.0
609,0.0002448573664954745,0.7449330948112448,0.2550669051887551,0.9999999999999999
610,0.00024475707768809957,0.9129431671402298,0.08705683285977023,1.0
611,0.00024263344549324377,0.7372200047847387,0.2627799952152612,0.9999999999999999
612,0.00025138490729955613,0.7643648493959334,0.23563515060406656,1.0
613,0.0002603233960380407,0.648363182780975,0.35163681721902496,1.0
614,0.0002427259224339152,0.8937968481177555,0.10620315188224465,1.0000000000000002
615,0.0002614162657402349,0.6316337319894086,0.36836626801059136,1.0
616,0.000257709153374011,0.6621700206507979,0.3378299793492021,1.0
617,0.00023661921248495057,0.8006721688375743,0.1993278311624257,1.0
618,0.00025810137365231596,0.657437328549001,0.34256267145099883,0.9999999999999999
619,0.0002452293940277923,0.830391199479685,0.16960880052031502,1.0
620,0.00024441685214480195,0.736133986710146,0.26386601328985404,1.0
621,0.0002509512671356117,0.7774052394611571,0.22259476053884295,1.0
622,0.0002514060183721665,0.9244840446354796,0.07551595536452028,0.9999999999999999
623,0.0002769690692507312,0.49446976780057794,0.505530232199422,0.9999999999999999
624,0.0002776321781064865,0.512411582120702,0.48758841787929796,1.0
625,0.00023973811172528793,0.8805281542434127,0.11947184575658733,1.0
626,0.00027153317074147875,0.5581768710923779,0.44182312890762193,0.9999999999999998
627,0.00024943434791001437,0.9094957673908831,0.09050423260911686,1.0
628,0.0002377359713209739,0.7948215140912414,0.2051784859087586,1.0
629,0.00025345471098289817,0.7233822977650809,0.27661770223491905,1.0
630,0.00023433836268022074,0.7763322031792408,0.22366779682075924,1.0
631,0.00024111871676239205,0.7690121273833038,0.2309878726166961,0.9999999999999999
632,0.00025871655698273796,0.6461821380659816,0.3538178619340185,1.0
633,0.0002494006045193937,0.7732552190196467,0.22674478098035322,0.9999999999999999
634,0.0002465928538377845,0.8275730257494789,0.17242697425052106,1.0
635,0.0002499841127485221,0.655175235534198,0.3448247644658019,0.9999999999999999
636,0.00026026720568045396,0.5921553288392488,0.4078446711607513,1.0
637,0.0002483422177413836,0.8282399569450568,0.1717600430549432,1.0
638,0.00025847601256792776,0.6482435785801816,0.35175642141981844,1.0
639,0.00024152885831974223,0.7222745429536552,0.2777254570463448,1.0
640,0.000254133243092472,0.7324441802995535,0.26755581970044656,1.0
641,0.00023722006988759718,0.7399869477552978,0.26001305224470217,1.0
642,0.00025941916165197885,0.6309072856529004,0.3690927143470995,1.0
643,0.0002566412791806538,0.600176574440924,0.399823425559076,1.0
644,0.0002493654379183918,0.8960477921726493,0.10395220782735062,0.9999999999999999
645,0.00024861854142910016,0.852939663850615,0.14706033614938485,0.9999999999999999
646,0.00025437402089988634,0.5980977811789825,0.4019022188210176,1.0
647,0.00025314668524843167,0.7195846350403097,0.28041536495969027,1.0
648,0.0002499973928664722,0.7690396309412845,0.23096036905871553,1.0
649,0.00024225761632742617,0.7157483565481133,0.2842516434518867,1.0
650,0.00026098337372603564,0.6191372170536223,0.38086278294637765,1.0
651,0.00026277630475750086,0.6165128403495247,0.3834871596504755,1.0000000000000002
652,0.00025262820637451873,0.7062555584331062,0.2937444415668937,0.9999999999999999
653,0.00024881584103562563,0.7107160278213858,0.2892839721786141,0.9999999999999999
654,0.0002352388343356753,0.7915234588745458,0.20847654112545425,1.0
655,0.00025532044891399513,0.673041948314373,0.32695805168562686,0.9999999999999999
656,0.00025053934214236325,0.773979863064046,0.22602013693595396,1.0
657,0.0002493408692167904,0.8375909719104598,0.16240902808954016,1.0
658,0.0002659593132307987,0.6060457536794558,0.3939542463205443,1.0
659,0.0002446776856782695,0.8498508072935193,0.15014919270648067,0.9999999999999999
660,0.0002510451883807032,0.7522055871130159,0.24779441288698414,1.0
661,0.0002488087162691468,0.7978048908138663,0.20219510918613368,1.0
662,0.00025931670312689427,0.653595269669227,0.3464047303307732,1.0000000000000002
663,0.0002729789991263844,0.5455297867862763,0.45447021321372366,1.0
664,0.00025278030810893916,0.9316151569723827,0.06838484302761724,1.0
665,0.0002655780392654479,0.6067181825398648,0.3932818174601354,1.0000000000000002
666,0.0002501955976438108,0.9088753794708482,0.09112462052915177,1.0
667,0.00024879857467746913,0.6433453001856065,0.35665469981439335,0.9999999999999999
668,0.0002434884376818199,0.8458320735444612,0.15416792645553865,0.9999999999999999
669,0.000264405273412131,0.6213625828236913,0.3786374171763089,1.0000000000000002
670,0.00024259140351715915,0.9264681710952449,0.0735318289047551,1.0
671,0.0002812355058528727,0.48380727763421527,0.5161927223657846,0.9999999999999999
672,0.00025892465984934503,0.5643250038871028,0.43567499611289723,1.0
673,0.0002442219024681546,0.7620831622106121,0.23791683778938777,0.9999999999999999
674,0.0002525586423618401,0.7307271174774429,0.26927288252255704,1.0
675,0.00024650163030301,0.7242154460483768,0.27578455395162327,1.0
676,0.0002660265424555873,0.6080517246971976,0.3919482753028024,1.0
677,0.00022968951033089385,0.8722935630085427,0.1277064369914573,1.0
678,0.0002623339984148723,0.6341379280393752,0.36586207196062487,1.0
679,0.00025447360229220966,0.659442089978405,0.34055791002159513,1.0000000000000002
680,0.0002519211216166912,0.7267360968821077,0.2732639031178923,1.0
681,0.0002552436014931111,0.683591541669323,0.316408458330677,1.0
682,0.00024205107909125188,0.8411156403127515,0.15888435968724834,0.9999999999999999
683,0.00027209382698005854,0.5484305981482951,0.4515694018517048,0.9999999999999999
684,0.00024807399430955713,0.8941667894423978,0.10583321055760228,1.0
685,0.0002546808355504877,0.7033735932965303,0.29662640670346974,1.0
686,0.00023485824898915146,0.8556838694025292,0.14431613059747078,1.0
687,0.00026063817962892143,0.6363862650513924,0.36361373494860766,1.0
688,0.0002562104616750959,0.6886135772518673,0.3113864227481326,1.0
689,0.0002494129017770932,0.8494413772580932,0.15055862274190676,1.0
690,0.0002510458710148603,0.6379669389681801,0.36203306103182004,1.0000000000000002
691,0.0002498977300744463,0.8020391614167782,0.19796083858322167,0.9999999999999999
692,0.00024565683754445726,0.7363731089340945,0.2636268910659055,1.0
693,0.0002448945398965681,0.8178887764942482,0.18211122350575187,1.0
694,0.00025563097761371244,0.6619119600306934,0.3380880399693065,0.9999999999999999
695,0.0002460368601921603,0.8396289544432788,0.16037104555672127,1.0
696,0.0002514425960090467,0.7115153062634323,0.2884846937365678,1.0
697,0.0002442301994929931,0.7923684554573087,0.20763154454269128,1.0
698,0.00026499225119968803,0.600247746694511,0.39975225330548897,1.0
699,0.0002502776114713554,0.6481443159606917,0.3518556840393085,1.0000000000000002
700,0.0002535764145901231,0.7295511170284151,0.270448882971585,1.0
701,0.00025117110272824405,0.7377092010004618,0.2622907989995383,1.0
702,0.00024231822682201928,0.7870021695391922,0.2129978304608079,1.0
703,0.00023879025534160375,0.8309897048467724,0.16901029515322766,1.0
704,0.0002573493847955507,0.6666292149566697,0.33337078504333023,1.0
705,0.0002428408934729231,0.819363239974325,0.18063676002567494,1.0
706,0.0002338045142795996,0.8311870710836868,0.16881292891631322,1.0
707,0.00025753427674275167,0.6881341480682801,0.31186585193171995,1.0
708,0.0002672638694261681,0.5979858032246826,0.40201419677531725,0.9999999999999999
709,0.0002452764010843244,0.7696228312442549,0.23037716875574496,0.9999999999999999
710,0.00025074627131120174,0.715158876301145,0.28484112369885484,0.9999999999999999
711,0.00024558878981871215,0.8083029523003781,0.19169704769962187,1.0
712,0.0002497601805208076,0.8213994481194554,0.17860055188054458,1.0
713,0.00024319854074051652,0.7759424234591789,0.22405757654082106,0.9999999999999999
714,0.00023345335220084946,0.7461855687310258,0.25381443126897413,1.0
715,0.000247390748726703,0.7869109420216979,0.21308905797830216,1.0
716,0.0002623923644617949,0.6271651301296395,0.37283486987036046,1.0
717,0.00024773617057219133,0.9000586056363536,0.09994139436364634,1.0
718,0.0002523401625070613,0.6422528948215128,0.3577471051784871,1.0
719,0.0002473432619389152,0.813185099964777,0.18681490003522305,1.0
720,0.00025300223046380413,0.6986207356370526,0.3013792643629474,1.0
721,0.00026425085548515667,0.6052560469266411,0.39474395307335897,1.0
722,0.0002499786179222146,0.7330722826844548,0.26692771731554515,1.0
723,0.00026432889778411325,0.6116960964071118,0.38830390359288813,0.9999999999999999
724,0.00024259007826073534,0.8429951789189071,0.15700482108109295,1.0
725,0.0002554223874958598,0.709553559388552,0.29044644061144803,1.0
726,0.0002228229454605179,0.8442708369603849,0.1557291630396151,1.0
727,0.00025677294672702246,0.6883257160044837,0.31167428399551644,1.0
728,0.0002501025791323189,0.9075298535418035,0.09247014645819647,1.0
729,0.0002465828153645408,0.5797702616126537,0.4202297383873463,1.0
730,0.000240823488492008,0.878298629703466,0.12170137029653416,1.0
731,0.0002722027346615378,0.5557533619183,0.4442466380817,1.0
732,0.00026227503341517446,0.6009284139219813,0.3990715860780188,1.0
733,0.00024393398782436587,0.729523592959111,0.2704764070408891,1.0
734,0.00025815075090687006,0.6631390535016952,0.3368609464983049,1.0
735,0.00025816456475808585,0.6409586060037428,0.3590413939962573,1.0
736,0.00024567795786166057,0.8616158600407052,0.13838413995929483,1.0
737,0.0002517902243548345,0.7485964087873929,0.25140359121260725,1.0
738,0.0002562842733178861,0.7014048652884267,0.2985951347115732,0.9999999999999999
739,0.0002563175832998718,0.6991033469521396,0.3008966530478603,0.9999999999999999
740,0.0002605165768381188,0.6306372353477537,0.36936276465224627,1.0
741,0.00024485356855875076,0.7605443531899624,0.23945564681003767,1.0
742,0.0002492383216753836,0.7379649908767096,0.2620350091232904,1.0
743,0.0002581309916360732,0.6567436005899123,0.34325639941008773,1.0
744,0.00025677675720225,0.7055903031519273,0.29440969684807283,1.0
745,0.00024824739311334846,0.81058770674163,0.1894122932583699,1.0
746,0.00025096954929611795,0.6502487990654492,0.3497512009345508,1.0
747,0.00024642206936227075,0.8338779607448066,0.16612203925519348,1.0
748,0.00025948850526518423,0.6562413876274032,0.34375861237259664,0.9999999999999999
749,0.00024964543915259184,0.6884622489035405,0.3115377510964595,1.0
750,0.00026444180806930236,0.6051688030804444,0.3948311969195556,1.0
751,0.000247976796958352,0.7855184213060281,0.21448157869397177,0.9999999999999999
752,0.00024712646538125856,0.6740021230659078,0.3259978769340923,1.0
753,0.0002499388488914801,0.776950811957971,0.22304918804202908,1.0
754,0.00026385337344455114,0.6247218147351068,0.3752781852648933,1.0
755,0.0002580339644268416,0.6590900874450392,0.340909912554961,1.0000000000000002
756,0.0002487811211342038,0.835079779467971,0.16492022053202904,1.0
757,0.0002740308353870274,0.5076299030233421,0.49237009697665807,1.0000000000000002
758,0.00024662373727286045,0.7065864396970994,0.29341356030290067,1.0
759,0.0002598356514482093,0.6601524396002489,0.3398475603997511,1.0
760,0.00022983225435277004,0.8647758427905786,0.1352241572094214,1.0
761,0.0002618312099392439,0.6399733907837802,0.36002660921621965,0.9999999999999999
762,0.0002476118658827545,0.8956751847201011,0.10432481527989891,1.0
763,0.0002654047545996363,0.5921684496487878,0.4078315503512124,1.0000000000000002
764,0.00025734590720837095,0.6334951468875034,0.3665048531124967,1.0
765,0.00024367261166732192,0.8558983629828216,0.14410163701717832,1.0
766,0.0002597079192352633,0.6608135240129106,0.33918647598708945,1.0
767,0.0002370990194404195,0.8743936409751408,0.1256063590248592,1.0
768,0.000253049088948275,0.6561074374237921,0.34389256257620804,1.0
769,0.00024700232750443445,0.8741883593665569,0.12581164063344302,1.0
770,0.0002606886383000424,0.6152438912417963,0.3847561087582036,1.0
771,0.00024746413585274407,0.811218987267089,0.1887810127329111,1.0
772,0.0002538356366907158,0.7300932655588533,0.2699067344411467,1.0
773,0.0002556820820347501,0.6992331192842363,0.30076688071576374,1.0
774,0.00023845045298026625,0.7945338145223676,0.20546618547763243,1.0
775,0.00024189404421480796,0.8465628801670374,0.15343711983296274,1.0000000000000002
776,0.00025384277135802574,0.7028030927393826,0.2971969072606174,1.0
777,0.0002521936956440957,0.7379346160546757,0.26206538394532425,1.0
778,0.0002487927942102541,0.9088655367540235,0.09113446324597668,1.0000000000000002
779,0.000224364355588527,0.6945441277277756,0.30545587227222437,1.0
780,0.0002489933346704196,0.7915480355524036,0.20845196444759645,1.0
781,0.00022450778348427267,0.8256492999684008,0.17435070003159922,1.0
782,0.00025978137192462646,0.6601025569928861,0.339897443007114,1.0
783,0.00024300620739851642,0.8762936117350886,0.12370638826491155,1.0000000000000002
784,0.00026338061944395426,0.6308810004597697,0.3691189995402303,1.0
785,0.0002581639939886421,0.6504965106024351,0.3495034893975648,0.9999999999999999
786,0.000243477419326084,0.8264035039297208,0.17359649607027922,1.0
787,0.0002629326640166473,0.5822955728483596,0.4177044271516404,1.0
788,0.00022533651064207818,0.9448986011740386,0.05510139882596137,0.9999999999999999
789,0.0002622655763770186,0.5993236593464665,0.40067634065353347,1.0
790,0.0002793553252452779,0.4783602281462951,0.5216397718537049,1.0
791,0.0002435740385814098,0.8015216435901098,0.19847835640989017,1.0
792,0.0002514330631386219,0.772540464749171,0.22745953525082901,1.0
793,0.0002733495954163689,0.5367489705507638,0.46325102944923624,1.0
794,0.00024021771919784901,0.8591173670122655,0.14088263298773454,1.0
795,0.00024180090050295578,0.7507655756789067,0.24923442432109338,1.0
796,0.0002549440169874025,0.717122371441802,0.282877628558198,1.0
797,0.00022703647259802654,0.8381127513434037,0.1618872486565963,1.0
798,0.0002638015383139144,0.6134954811102431,0.38650451888975684,1.0
799,0.00024184669718176231,0.7121273243272094,0.28787267567279073,1.0
800,0.00024735417251926903,0.8392642215365508,0.1607357784634493,1.0
801,0.0002448656688866408,0.8546721811947069,0.14532781880529316,1.0
802,0.00025271978551238115,0.6990541440245895,0.3009458559754104,1.0
803,0.00025046168591676626,0.7942254513371197,0.20577454866288028,1.0
804,0.0002465607895162224,0.7482610390479516,0.25173896095204845,1.0
805,0.0002499988787179906,0.7228200299632837,0.2771799700367163,1.0
806,0.0002540877129212319,0.6503537804595928,0.34964621954040725,1.0
807,0.0002483771349357085,0.853328641752874,0.14667135824712596,1.0
808,0.00026923355905871465,0.5299479779630987,0.4700520220369013,1.0
809,0.0002692976740509695,0.5766644073259323,0.4233355926740677,1.0
810,0.00024520092517911756,0.8726667553631507,0.12733324463684914,0.9999999999999999
811,0.0002705504619641311,0.5565022005575272,0.44349779944247286,1.0
812,0.000253153467296019,0.7393373368741772,0.2606626631258227,1.0
813,0.00024124668769914175,0.7496201995337183,0.2503798004662817,1.0
814,0.00026361550720414086,0.6290885663214102,0.3709114336785898,1.0
815,0.00024972070862223396,0.7723485349990897,0.2276514650009102,1.0
816,0.00024883139855832076,0.7047982296223668,0.2952017703776331,1.0
817,0.0002597380917757015,0.6415862836763201,0.35841371632367997,1.0
818,0.0002497403390204579,0.8067197766798148,0.1932802233201851,0.9999999999999999
819,0.00026480258306147856,0.6150270138223407,0.3849729861776593,1.0
820,0.00023370096909229476,0.8775180998112461,0.12248190018875398,1.0
821,0.000260177842451187,0.6567649168748323,0.3432350831251677,1.0
822,0.0002492160764066206,0.8726526920298447,0.12734730797015528,1.0
823,0.00024653450202877063,0.8304334627347003,0.16956653726529966,1.0
824,0.00025199334420627676,0.6593305742411335,0.34066942575886644,1.0
825,0.0002464167912681324,0.8615552198235465,0.1384447801764535,1.0
826,0.00024181729828992975,0.6987555401226481,0.30124445987735204,1.0
827,0.00024934878579180596,0.7895553970861588,0.2104446029138412,1.0
828,0.0002638219205636863,0.6276374182669536,0.37236258173304626,0.9999999999999999
829,0.00023229873679598667,0.8095941666928583,0.1904058333071417,1.0
830,0.00025566097059015274,0.7065054919934264,0.29349450800657345,0.9999999999999998
831,0.0002447033307249942,0.8562825843048364,0.14371741569516347,0.9999999999999999
832,0.00025229284837783423,0.6821479773425032,0.31785202265749674,1.0
833,0.0002479079568324236,0.8223773227360853,0.17762267726391454,0.9999999999999999
834,0.00024550492410928206,0.7380357420045439,0.26196425799545614,1.0
835,0.0002543913523390664,0.7181320506656896,0.2818679493343103,1.0
836,0.00024402459629996445,0.7975683580901223,0.2024316419098777,1.0
837,0.00024296219554596456,0.7946053266873883,0.20539467331261183,1.0
838,0.00024903152891648405,0.7501759968575566,0.24982400314244343,1.0
839,0.00024554735355719013,0.8293798803381922,0.17062011966180787,1.0
840,0.00025434788617390084,0.6450348872783541,0.3549651127216458,1.0
841,0.00024679154860158923,0.8048860930768877,0.19511390692311226,1.0
842,0.0002574119585157647,0.6576677425359067,0.3423322574640934,1.0
843,0.0002454418147951266,0.7864030854677607,0.21359691453223925,1.0
844,0.0002577148298836284,0.6416045730834823,0.3583954269165176,0.9999999999999999
845,0.0002580692700831966,0.6540136668599222,0.3459863331400777,1.0
846,0.0002552857518749388,0.7102685974017583,0.28973140259824176,1.0
847,0.00025061463844302764,0.8014293723700554,0.1985706276299446,1.0
848,0.00025247767841821004,0.6823959848053204,0.3176040151946796,1.0
849,0.000249055063445125,0.7987160660229107,0.20128393397708927,1.0
850,0.00025463411364240533,0.7163488613062402,0.28365113869375963,0.9999999999999998
851,0.00024948556349087546,0.7449192418641944,0.2550807581358055,1.0
852,0.00025143897443567363,0.7671297708029846,0.2328702291970154,1.0
853,0.00024821151805717433,0.7235557491188503,0.27644425088114977,1.0
854,0.00024945537139831763,0.704970049054658,0.29502995094534207,1.0
855,0.0002472962878282756,0.7831316392353045,0.21686836076469546,1.0
856,0.0002488597032962961,0.7922230301539297,0.20777696984607025,1.0
857,0.00025944795028550496,0.6511125761548291,0.34888742384517096,1.0
858,0.000244266738883583,0.8684908098055413,0.1315091901944587,1.0
859,0.00024735411023155796,0.7725054768207998,0.2274945231792002,1.0
860,0.00024570981442549654,0.7565444205901356,0.2434555794098643,0.9999999999999999
861,0.00025568893400631316,0.6913931151755156,0.30860688482448434,1.0
862,0.00024993118117001194,0.7945521203129267,0.20544787968707331,1.0
863,0.0002479409801912272,0.6953101102214032,0.3046898897785967,0.9999999999999999
864,0.0002532285836225252,0.7318077721188544,0.2681922278811457,1.0
865,0.00024326104813583726,0.8281105582363731,0.17188944176362675,0.9999999999999999
866,0.0002564427531067632,0.7038402261682903,0.29615977383170966,1.0
867,0.00027052234518907826,0.5296152389332929,0.47038476106670724,1.0
868,0.0002481233866953021,0.859456482957781,0.140543517042219,1.0
869,0.0002523424102829281,0.5725092427241021,0.427490757275898,1.0
870,0.00024801378639764785,0.8366646149970299,0.16333538500297,1.0
871,0.0002461757704003619,0.6867171474624824,0.31328285253751764,1.0
872,0.0002473741228466808,0.8279678298244338,0.17203217017556607,0.9999999999999999
873,0.0002612173837841469,0.6338387694435991,0.36616123055640093,1.0
874,0.00024986944040741047,0.8372295847837417,0.16277041521625837,1.0
875,0.0002561332601553355,0.5645148188087974,0.4354851811912026,1.0
876,0.0002564129595745949,0.6680265643382579,0.33197343566174203,1.0
877,0.00023735778225624014,0.6364718854839496,0.36352811451605044,1.0
878,0.0002499961829812384,0.7584799666367318,0.24152003336326824,1.0
879,0.00025454917962241657,0.7318722539218282,0.2681277460781719,1.0
880,0.00023949365479271237,0.9102526768121151,0.08974732318788482,0.9999999999999999
881,0.000245857422975247,0.8978076313468479,0.10219236865315207,1.0
882,0.00024242287859209372,0.710478754387025,0.28952124561297504,1.0
883,0.000249173662777805,0.7042974903674418,0.2957025096325582,1.0
884,0.00024560141524813695,0.790452284844443,0.2095477151555571,1.0
885,0.00023614429121952073,0.6361657342948063,0.3638342657051938,1.0
886,0.00025109872893125124,0.906828984871481,0.09317101512851904,1.0
887,0.0002650107005158122,0.6130427002539995,0.3869572997460005,1.0
888,0.00023264103401426817,0.8509102319832714,0.14908976801672857,1.0
889,0.0002562724357877038,0.6942081256547492,0.30579187434525074,1.0
890,0.0002513620442409245,0.7443601206004461,0.25563987939955396,1.0
891,0.00023885244229461427,0.7535312325407054,0.24646876745929452,1.0
892,0.0002621866257904149,0.6316780526270708,0.36832194737292917,1.0
893,0.0002358528270270808,0.822269279245954,0.1777307207540459,1.0
894,0.00026313073293057266,0.5891739269549027,0.4108260730450974,1.0
895,0.0002452944846299092,0.8716153137964684,0.12838468620353163,1.0
896,0.0002629456048538125,0.48147769699330495,0.5185223030066951,1.0
897,0.00024326966961489536,0.771994159841371,0.22800584015862888,0.9999999999999999
898,0.00023181666986368886,0.6963817808781468,0.30361821912185327,1.0
899,0.0002574674900605453,0.6904738309294716,0.3095261690705284,1.0
900,0.00020658533345318478,0.8519279655474818,0.14807203445251813,1.0
901,0.0002417266799814722,0.861200105792887,0.138799894207113,1.0
902,0.00026363177733369054,0.621979879763751,0.378020120236249,1.0
903,0.0002349746411322283,0.8651415475835101,0.13485845241648986,1.0
904,0.0002570506090853666,0.6824600987245324,0.3175399012754675,0.9999999999999999
905,0.00023867150866327448,0.7349936113642535,0.2650063886357465,1.0
906,0.0002558969936057492,0.6957143550068816,0.3042856449931183,0.9999999999999999
907,0.000258507567300646,0.6758076578614414,0.3241923421385586,1.0
908,0.00027141534486908045,0.552003518865253,0.447996481134747,1.0
909,0.0002639851362305557,0.6026024325793222,0.3973975674206777,1.0
910,0.00024300830040910828,0.7552204627613006,0.24477953723869936,1.0
911,0.0002499895279874695,0.72453969592098,0.27546030407901995,1.0
912,0.00024484691712582397,0.766159791740082,0.233840208259918,1.0
913,0.00026557509284465486,0.6074575311483287,0.39254246885167127,1.0
914,0.0002419805493041335,0.8397244434456805,0.1602755565543194,1.0
915,0.00025324938244048015,0.7313188755900191,0.26868112440998093,1.0
916,0.0002450013035973303,0.8067047282778668,0.1932952717221332,1.0
917,0.00024649717546077626,0.7212736887728268,0.27872631122717323,1.0
918,0.00025298128881137986,0.7398046921666775,0.26019530783332245,1.0
919,0.0002494573803406074,0.8657510693297908,0.13424893067020927,1.0
920,0.0002477944573455436,0.8706823909919289,0.12931760900807118,1.0
921,0.00024783455246168957,0.8832351194218615,0.11676488057813858,1.0
922,0.0002607581950027702,0.5802235778318199,0.41977642216818,0.9999999999999999
923,0.0002495429283808857,0.8363374217141569,0.16366257828584313,1.0
924,0.000252462452997902,0.6895504599261943,0.3104495400738056,1.0
925,0.0002500576603616405,0.7911752231984936,0.20882477680150646,1.0
926,0.0002497508520333907,0.7660628757344294,0.23393712426557067,1.0
927,0.0002602803125044058,0.6579116793036089,0.3420883206963911,1.0
928,0.00025864019895693435,0.6239394007586643,0.3760605992413357,1.0
929,0.00025117662680343097,0.9107365780873374,0.08926342191266269,1.0000000000000002
930,0.00024876503123857463,0.8834652598558204,0.1165347401441796,1.0
931,0.00024589042879388405,0.8370336934920035,0.1629663065079966,1.0
932,0.00024104069139984925,0.7110565486477446,0.28894345135225535,1.0
933,0.00024913588083367325,0.8076308050597644,0.1923691949402356,1.0
934,0.00023532901315174,0.6815783496890653,0.31842165031093467,1.0
935,0.00024861442965059774,0.8146940600494067,0.18530593995059338,1.0
936,0.00025473260277493085,0.6923200992442964,0.3076799007557037,1.0
937,0.0002449084517692969,0.8619407570565306,0.13805924294346936,1.0
938,0.00024713758582962605,0.7970352943368786,0.2029647056631215,1.0
939,0.0002481179747802876,0.7336563227682421,0.26634367723175795,1.0
940,0.00024379790714782455,0.7067464845421121,0.2932535154578879,1.0
941,0.0002474226092576062,0.8581201551685552,0.14187984483144464,0.9999999999999999
942,0.0002497666760787299,0.6441976687412769,0.3558023312587231,1.0
943,0.00025052887325961314,0.6682673423879044,0.3317326576120956,1.0
944,0.00024752322337622814,0.8093380661887883,0.1906619338112116,1.0
945,0.0002633917082211087,0.6288245351754111,0.3711754648245889,1.0
946,0.0002574260770387709,0.6743688660212285,0.32563113397877136,0.9999999999999998
947,0.00024868323895301897,0.7507845903587985,0.2492154096412015,1.0
948,0.0002676253246923226,0.5769559983650735,0.42304400163492645,1.0
949,0.00023878316789956066,0.7252591378625225,0.2747408621374775,1.0
950,0.0002636182764500799,0.5954649302966772,0.4045350697033227,1.0
951,0.0002675007884578663,0.5845564999227087,0.4154435000772913,1.0
952,0.000250590871430179,0.9221270873734072,0.07787291262659267,0.9999999999999999
953,0.00028240265177098507,0.4418848236772516,0.5581151763227484,1.0
954,0.00028288438087866434,0.45445564579215153,0.5455443542078484,1.0
955,0.00028458429388971405,0.46047064480648164,0.5395293551935183,1.0
956,0.000247830872344256,0.776407169415472,0.22359283058452792,1.0
957,0.00024282764259454326,0.7896924654016261,0.2103075345983739,1.0
958,0.0002493211196281674,0.8114131064133193,0.1885868935866806,0.9999999999999999
959,0.00025782934534880457,0.6870540516550802,0.31294594834491984,1.0
960,0.00026384909447301245,0.619231852556365,0.3807681474436349,1.0
961,0.0002396100136343847,0.8811644076364455,0.1188355923635545,1.0
962,0.00026487169744739635,0.6069599844955033,0.39304001550449674,1.0
963,0.0002341870612887654,0.8387826219616958,0.16121737803830422,1.0
964,0.0002557395468121671,0.7098757491517848,0.29012425084821514,0.9999999999999999
965,0.00023776825080041032,0.8187150619346478,0.1812849380653521,0.9999999999999999
966,0.00025972563788770396,0.6381580725000028,0.3618419274999971,0.9999999999999999
967,0.00025219313624847995,0.7127365239451957,0.2872634760548042,0.9999999999999999
968,0.00024725215523602667,0.7254339109190948,0.2745660890809052,1.0
969,0.0002474769976464628,0.8156135671110828,0.1843864328889171,0.9999999999999999
970,0.00025174299330766827,0.6937117704251998,0.3062882295748002,1.0
971,0.00024130670530187552,0.8105225765263396,0.18947742347366037,1.0
972,0.0002560937112531602,0.6834903178133239,0.3165096821866762,1.0
973,0.00025009777680966663,0.7008702303439013,0.29912976965609867,1.0
974,0.00024700067553134016,0.7966250962044152,0.20337490379558473,1.0
975,0.0002513594714586752,0.6871476798444323,0.3128523201555677,1.0
976,0.0002266218703028061,0.8474619536316861,0.1525380463683139,1.0
977,0.0002380425442463129,0.7152356748795272,0.2847643251204728,1.0
978,0.00026380145343900247,0.6236132628360892,0.3763867371639108,1.0
979,0.0002394445596026879,0.8582871468118319,0.14171285318816804,1.0
980,0.00025576833378827384,0.7061553370418101,0.29384466295819,1.0
981,0.00024743673124813265,0.7852610025353204,0.21473899746467962,1.0
982,0.0002500689514589999,0.7434280580240231,0.25657194197597694,1.0
983,0.00024729542347088376,0.7813633441991287,0.2186366558008713,1.0
984,0.0002542087153176538,0.7061738917119393,0.2938261082880606,1.0
985,0.0002578391990435629,0.5975199768164516,0.4024800231835484,1.0
986,0.00024864161276444115,0.8391100984351234,0.16088990156487662,1.0
987,0.0002524349542056762,0.6858562881624417,0.3141437118375583,1.0
988,0.000245649582564348,0.8205714484239243,0.17942855157607573,1.0
989,0.0002501977297050525,0.7407458880423256,0.25925411195767456,1.0
990,0.0002552319437034013,0.6764623372057313,0.32353766279426877,1.0
991,0.00024564870360787656,0.8144319289102977,0.18556807108970227,1.0
992,0.00025742883290711587,0.6814532620506539,0.318546737949346,1.0
993,0.0002338029262891654,0.8373098693839266,0.1626901306160734,1.0
994,0.00025779146463734206,0.678113747391607,0.3218862526083929,0.9999999999999999
995,0.00023382272812037702,0.8622107704118153,0.13778922958818476,1.0
996,0.0002550117659945948,0.6814809499676863,0.3185190500323137,1.0
997,0.00022586516815723557,0.8171190714824385,0.18288092851756158,1.0
998,0.00025444227651540965,0.7144486541836682,0.28555134581633185,1.0
999,0.0002326291108339366,0.7843899865781808,0.2156100134218192,1.0
1000,0.00024582549101457364,0.7701279745267164,0.22987202547328367,1.0
1001,0.0002492004605828405,0.8190613964041713,0.1809386035958287,1.0
1002,0.00023908621868208718,0.6688070765462624,0.33119292345373763,1.0
1003,0.0002494515818326896,0.7878981052260547,0.21210189477394525,1.0
1004,0.0002483794147977741,0.7702176189471216,0.22978238105287832,0.9999999999999999
1005,0.00024762508573038656,0.7395329408553318,0.2604670591446682,1.0
1006,0.00024305789471680257,0.7734001227576005,0.22659987724239947,1.0
1007,0.00025108275701203793,0.7802694374892297,0.21973056251077025,1.0
1008,0.00024003116659656636,0.796762605641955,0.20323739435804497,1.0
1009,0.00025882440851343245,0.6734897711635685,0.32651022883643155,1.0
1010,0.00022357656550091976,0.7702851695028577,0.22971483049714223,1.0
1011,0.0002434879569329064,0.6851653157084404,0.31483468429155953,1.0
1012,0.0002446453065039315,0.8655993350084065,0.13440066499159362,1.0
1013,0.0002492067754553565,0.8427965429928668,0.1572034570071333,1.0
1014,0.00023807575268688333,0.6848558020214058,0.3151441979785941,1.0
1015,0.00024841684405967654,0.6409455247778115,0.35905447522218853,1.0
1016,0.00025504058680422554,0.7231563458408752,0.2768436541591249,1.0
1017,0.0002444462393210321,0.8445846888630855,0.15541531113691448,1.0
1018,0.00025310063045821756,0.6571693460594397,0.3428306539405603,1.0
1019,0.00024938789747736803,0.8196454666449204,0.1803545333550795,1.0
1020,0.00024809987189132926,0.6865102183022506,0.3134897816977494,1.0
1021,0.00024863355860948723,0.8502730918313375,0.14972690816866246,1.0
1022,0.0002493170530963704,0.7506021198571671,0.24939788014283296,1.0
1023,0.00025181024783350577,0.7014557596663572,0.2985442403336427,0.9999999999999999
1024,0.00024801979404435814,0.7854325556518972,0.21456744434810276,1.0
1025,0.00023827844137105832,0.7602840052977102,0.23971599470228971,1.0
1026,0.0002533020219567974,0.7377238721024121,0.26227612789758786,1.0
1027,0.0002431259247042795,0.7829952194283599,0.21700478057164022,1.0000000000000002
1028,0.0002461626262334541,0.7401455696652458,0.2598544303347542,1.0
1029,0.00022631921814328306,0.8449606443684272,0.15503935563157284,1.0
1030,0.0002596060225395319,0.6488150046019023,0.3511849953980978,1.0
1031,0.00022104315568591385,0.7973906787236451,0.2026093212763549,1.0
1032,0.00025253804508211357,0.750648445970282,0.24935155402971806,1.0
1033,0.00024885059920316463,0.8001814697148337,0.19981853028516622,1.0
1034,0.00023983391024152227,0.741946127051988,0.258053872948012,1.0
1035,0.0002547183527198145,0.6956406972347808,0.3043593027652191,1.0
1036,0.0002536532096429159,0.6809030311081475,0.31909696889185246,1.0
1037,0.0002573097011325432,0.6879812593797912,0.31201874062020885,1.0
1038,0.0002592076966246067,0.6489486786775225,0.35105132132247746,1.0
1039,0.00024443255480077985,0.7437552995888235,0.25624470041117653,1.0
1040,0.0002526371644723067,0.7394903829891941,0.260509617010806,1.0
1041,0.000253516144025563,0.7119349576101853,0.2880650423898147,1.0
1042,0.00026183431793962077,0.6191840372373526,0.3808159627626474,1.0
1043,0.00022710113593491014,0.8941226674489307,0.10587733255106933,1.0
1044,0.0002596336083994886,0.6656222995037988,0.33437770049620125,1.0
1045,0.0002520774009761139,0.6480785773691652,0.35192142263083487,1.0
1046,0.00024744710525057895,0.8657534988003603,0.13424650119963957,0.9999999999999999
1047,0.00022301231556965854,0.7883435539908484,0.2116564460091516,1.0
1048,0.0002516327625659879,0.745030427724794,0.25496957227520595,1.0
1049,0.00022636683157284477,0.8297830450444729,0.17021695495552713,1.0
1050,0.000259610949992687,0.666234620202745,0.333765379797255,1.0
1051,0.00022273966590830423,0.8717982581197128,0.12820174188028727,1.0
1052,0.0002589633305839054,0.6705025670694921,0.32949743293050804,1.0
1053,0.00023441268712495983,0.8436402864020877,0.15635971359791231,1.0
1054,0.0002649797519076211,0.6109403900845857,0.3890596099154143,1.0
1055,0.0002482753734558887,0.8437159735874264,0.1562840264125735,1.0
1056,0.00022454501582049055,0.8598918379699869,0.14010816203001303,1.0
1057,0.0002532920232122475,0.7181748982333097,0.28182510176669023,1.0
1058,0.00024918577151819565,0.8176203844093838,0.18237961559061622,1.0
1059,0.0002387285422160339,0.7015237469927322,0.29847625300726777,1.0
1060,0.0002481030422472911,0.8527697789174756,0.14723022108252443,1.0
1061,0.0002467511226843339,0.5663241234401342,0.43367587655986584,1.0
1062,0.0002483956344951772,0.8095843510410434,0.19041564895895668,1.0
1063,0.0002581495017182888,0.6810653358278195,0.31893466417218047,1.0
1064,0.0002729662862411523,0.5496431889131153,0.45035681108688475,1.0
1065,0.00024264255052360617,0.9019201803482524,0.09807981965174771,1.0
1066,0.00024292884759797046,0.8893817840536785,0.11061821594632157,1.0
1067,0.00024084446150849026,0.743876770935521,0.25612322906447893,0.9999999999999999
1068,0.00025517917116722906,0.6961628618347059,0.303837138165294,0.9999999999999999
1069,0.00023684164259299266,0.8256604158687978,0.1743395841312022,1.0
1070,0.0002553430179307657,0.7179571595161889,0.2820428404838112,1.0
1071,0.00025313013358858183,0.7317140710036893,0.26828592899631065,1.0
1072,0.00024853318580605256,0.853393155395499,0.1466068446045011,1.0
1073,0.00024551039994722876,0.660405805803966,0.3395941941960339,1.0
1074,0.00023310213569268705,0.8170502812790804,0.18294971872091956,1.0
1075,0.0002557673791964196,0.7011775591576984,0.29882244084230153,1.0
1076,0.00024808778122907706,0.8884420644990321,0.11155793550096797,1.0
1077,0.00024200825806573647,0.6961624174009653,0.3038375825990348,1.0
1078,0.00024968929521622976,0.8096974161513807,0.19030258384861937,1.0
1079,0.00024001724492441604,0.7867466970397603,0.21325330296023962,0.9999999999999999
1080,0.00024597971735780625,0.7502101974662064,0.24978980253379363,1.0
1081,0.00025086996980052393,0.7152467662413391,0.284753233758661,1.0
1082,0.00026041990806007496,0.6088687453947208,0.3911312546052792,1.0
1083,0.00024867868607029943,0.8456001789416193,0.15439982105838054,0.9999999999999999
1084,0.0002630583663410423,0.5340964547090652,0.4659035452909348,1.0
1085,0.000248427806505123,0.8701929432143457,0.12980705678565424,1.0
1086,0.00025806324145397574,0.6545248905333992,0.3454751094666006,0.9999999999999998
1087,0.0002535926182584189,0.7252428975066111,0.27475710249338897,1.0
1088,0.00023355193323470116,0.8140403317894107,0.18595966821058937,1.0
1089,0.00025770471965631597,0.6855244479987013,0.31447555200129873,1.0
1090,0.00023916356188526092,0.7706916594016391,0.22930834059836092,1.0
1091,0.00024945297224338595,0.8001333239112595,0.19986667608874056,1.0
1092,0.0002491487561209737,0.7951739972010017,0.20482600279899832,1.0
1093,0.00024665431672904014,0.7228321950047149,0.2771678049952851,1.0
1094,0.00024696234576616867,0.7882797513210962,0.21172024867890388,1.0
1095,0.00025093073829627526,0.7411893045598078,0.2588106954401922,1.0
1096,0.0002540105262366784,0.6884100894663092,0.31158991053369084,1.0
1097,0.00027082976592134506,0.5630364989555257,0.43696350104447435,1.0
1098,0.000249099660149357,0.7073049489134702,0.2926950510865298,1.0
1099,0.00024736636746203465,0.8126305711273112,0.18736942887268873,0.9999999999999999
1100,0.00024656736587664604,0.7705739387238768,0.2294260612761232,1.0
1101,0.00025393950859226835,0.7314786594470414,0.26852134055295873,1.0
1102,0.00024219155182433308,0.7620543843018007,0.2379456156981992,0.9999999999999999
1103,0.0002493580767053228,0.8077782519398031,0.19222174806019696,1.0
1104,0.00024299521505053044,0.7174131952291862,0.2825868047708139,1.0
1105,0.00023393339840536504,0.7794448387820045,0.2205551612179955,1.0
1106,0.0002555236270456231,0.7106499228212891,0.28935007717871086,1.0
1107,0.00024008010647502155,0.8576325318969823,0.14236746810301765,1.0
1108,0.0002495852632901371,0.7499484401295348,0.2500515598704653,1.0
1109,0.0002397493342755992,0.7564544939838431,0.24354550601615693,1.0
1110,0.0002496300188500852,0.7742940119143138,0.22570598808568618,1.0
1111,0.0002576720324615049,0.6756158089105582,0.3243841910894418,1.0
1112,0.0002617105864622315,0.6153967379873291,0.38460326201267087,1.0
1113,0.00024083329633094042,0.8214522880131354,0.17854771198686453,1.0
1114,0.00024771406370692375,0.787009254019763,0.21299074598023704,1.0
1115,0.00026523688653972983,0.6145751403650943,0.3854248596349056,0.9999999999999999
1116,0.0002392617012992022,0.8854126851293894,0.11458731487061062,1.0
1117,0.0002460042628711621,0.8613706143289453,0.13862938567105465,1.0
1118,0.0002472063700262072,0.8968800101381966,0.10311998986180332,1.0
1119,0.00026306654698733846,0.529011591424602,0.470988408575398,1.0
1120,0.000248905254543443,0.8012624949139473,0.1987375050860527,1.0
1121,0.0002489227155257382,0.7865922290063084,0.21340777099369146,0.9999999999999999
1122,0.00025011676224259965,0.7848928572315154,0.21510714276848464,1.0
1123,0.00024075795403101958,0.818067445396077,0.18193255460392296,1.0
1124,0.0002560548880273541,0.7046578368344848,0.29534216316551526,1.0
1125,0.00025457140665024585,0.7026737128889097,0.2973262871110903,1.0
1126,0.000248497186626663,0.8207327036617909,0.17926729633820904,0.9999999999999999
1127,0.00023681926522774855,0.7547520208804641,0.24524797911953583,1.0
1128,0.000247946921670805,0.70836846007678,0.29163153992322005,1.0
1129,0.00021424083672769379,0.8083763412630411,0.1916236587369589,1.0
1130,0.0002535286459153485,0.6882695290135913,0.31173047098640877,1.0
1131,0.00022204198166249104,0.8452223981551745,0.1547776018448255,1.0
1132,0.00026942031930917836,0.5642210670974492,0.4357789329025508,1.0
1133,0.000277243273750049,0.5121152097688475,0.48788479023115244,1.0
1134,0.00025581774619503895,0.6999208019177683,0.30007919808223177,1.0
1135,0.0002552849137820107,0.7155851669178691,0.28441483308213084,1.0
1136,0.00024625112112111353,0.7694322186848906,0.23056778131510947,1.0
1137,0.00024983943590130324,0.812469602116663,0.18753039788333706,1.0
1138,0.0002632521911025222,0.5750438552012748,0.4249561447987252,1.0
1139,0.0002443348521972006,0.9263032189280362,0.07369678107196372,1.0
1140,0.00028159920054252513,0.46414003283750627,0.5358599671624936,0.9999999999999999
1141,0.00025143224275775715,0.9355607841297242,0.06443921587027587,1.0
1142,0.0002527037342805143,0.7434203664665305,0.2565796335334696,1.0
1143,0.00024966193938480836,0.8703781639155226,0.1296218360844775,1.0
1144,0.000254130581963537,0.6076115489389134,0.39238845106108644,0.9999999999999999
1145,0.00026265208713129994,0.5916544324803383,0.4083455675196616,1.0
1146,0.00026645226669258845,0.5974455433809357,0.40255445661906425,1.0
1147,0.0002609738319525978,0.6481920177209441,0.3518079822790558,1.0
1148,0.00024966793292299636,0.7911070689953948,0.20889293100460515,1.0
1149,0.00023417048853061626,0.8200091146223448,0.17999088537765523,1.0
1150,0.00025427051659168665,0.6947879402822289,0.30521205971777116,1.0
1151,0.00024171784123837694,0.7678252751562101,0.2321747248437898,0.9999999999999999
1152,0.00023828732405207557,0.7926564312826168,0.20734356871738327,1.0
1153,0.00024683982350081897,0.7469557252345452,0.25304427476545477,1.0
1154,0.0002508149017225577,0.779856318130375,0.22014368186962482,0.9999999999999999
1155,0.0002752646533119276,0.5321270774207238,0.4678729225792762,1.0
1156,0.00027004425599182696,0.5770848569244025,0.4229151430755976,1.0
1157,0.00023759797690685774,0.7901413147230327,0.20985868527696724,1.0
1158,0.0002488606371354353,0.8423280778521657,0.1576719221478344,1.0
1159,0.0002654729591200334,0.5405692151803926,0.4594307848196074,1.0
1160,0.0002483327353219842,0.8722092523859987,0.1277907476140014,1.0
1161,0.00024307161274681586,0.7212992165131316,0.2787007834868684,1.0
1162,0.00024866873359332114,0.8174381823899198,0.18256181761008017,1.0
1163,0.00025429833788690267,0.7336687446259678,0.2663312553740321,0.9999999999999999
1164,0.00023077661122609432,0.7464719068739403,0.2535280931260597,1.0
1165,0.000254969792510362,0.7032013783799751,0.2967986216200249,1.0
1166,0.0002444765528353067,0.849730264794811,0.15026973520518894,0.9999999999999999
1167,0.00025969512748103235,0.6696240445313493,0.33037595546865084,1.0
1168,0.00025317189091736354,0.7372585700835478,0.2627414299164522,1.0
1169,0.0002508766153322264,0.7705667682484633,0.22943323175153685,1.0
1170,0.000249008158064991,0.7887705726066699,0.21122942739333003,1.0
1171,0.0002511628532004965,0.7480755628058222,0.2519244371941776,0.9999999999999998
1172,0.00025817414552912647,0.6598375832928357,0.34016241670716424,1.0
1173,0.00026384630635638544,0.6231298338264872,0.3768701661735127,1.0
1174,0.00024156335364596202,0.7373432408745311,0.26265675912546893,1.0
1175,0.00024573943558041177,0.8135784500031079,0.18642154999689212,1.0
1176,0.00025030492664250293,0.6782004908230393,0.3217995091769606,1.0
1177,0.00025531840329963933,0.698289346223757,0.30171065377624307,1.0
1178,0.0002345173102526401,0.787102007321514,0.21289799267848586,0.9999999999999999
1179,0.0002478713759005264,0.7875585973225401,0.21244140267745998,1.0
1180,0.00024697639883608746,0.7843735890908449,0.21562641090915513,1.0
1181,0.00026021955924222714,0.658478717221912,0.34152128277808813,1.0
1182,0.00023861208845974902,0.7528411931579948,0.24715880684200514,1.0
1183,0.0002531754557955383,0.7452968105285837,0.25470318947141624,0.9999999999999999
1184,0.00024015135978134637,0.8013507421306781,0.19864925786932186,1.0
1185,0.0002555039392120389,0.7092064066556113,0.2907935933443886,0.9999999999999999
1186,0.00025068001112655994,0.7929449258073745,0.20705507419262562,1.0000000000000002
1187,0.00025548127637670543,0.698123647107894,0.30187635289210596,1.0
1188,0.0002658556175905575,0.5761738901487673,0.42382610985123265,1.0
1189,0.0002590215046832971,0.6702954377021004,0.3297045622978996,1.0
1190,0.0002448650865875196,0.7481826948668007,0.2518173051331994,1.0
1191,0.0002441234275025717,0.7952430768193707,0.20475692318062927,1.0
1192,0.00025174927005724545,0.7459184168924663,0.25408158310753365,1.0
1193,0.0002408526563405972,0.7163728926931439,0.28362710730685614,1.0
1194,0.000247717758332014,0.8400632257298384,0.15993677427016162,1.0
1195,0.00026382787132607234,0.5818925165722636,0.41810748342773657,1.0000000000000002
1196,0.00024764255141243694,0.8781271803507851,0.12187281964921488,1.0
1197,0.00026312419922859813,0.5777101217042752,0.42228987829572484,1.0
1198,0.0002494807679978534,0.7943053769677914,0.20569462303220876,1.0
1199,0.00024741976113199947,0.723690595704897,0.276309404295103,1.0
1200,0.0002518912798409544,0.7047150523955832,0.2952849476044169,1.0
1201,0.0002487506870589436,0.8256050247486207,0.17439497525137937,1.0
1202,0.000249556253276493,0.8016292759814672,0.19837072401853276,0.9999999999999999
1203,0.0002595692388626674,0.6220560417237844,0.37794395827621574,1.0
1204,0.0002596902085610372,0.6144725799455831,0.3855274200544168,1.0
1205,0.0002518695320779691,0.7755672471822378,0.22443275281776218,1.0
1206,0.00024923164983831585,0.7539321494571646,0.24606785054283542,1.0
1207,0.0002348668272905555,0.8749258090066434,0.12507419099335654,1.0
1208,0.0002566634384356372,0.6952396750931572,0.30476032490684274,1.0
1209,0.00025590336354210894,0.6786676318359434,0.32133236816405675,1.0
1210,0.0002243502821154629,0.876567404420293,0.12343259557970696,1.0
1211,0.0002560382368529066,0.6529540381818014,0.3470459618181985,1.0
1212,0.0002508630809987107,0.7392576492157242,0.26074235078427593,1.0000000000000002
1213,0.00023930400307371034,0.8129504101195965,0.18704958988040352,1.0
1214,0.00024295687812992488,0.6302619484859207,0.36973805151407924,0.9999999999999999
1215,0.0002510025806387543,0.7790815531852158,0.2209184468147841,0.9999999999999999
1216,0.0002547117060026882,0.7179511108217038,0.2820488891782963,1.0
1217,0.0002557917155572952,0.6903174429377675,0.30968255706223247,1.0
1218,0.0002427834033368763,0.8195666143322137,0.1804333856677865,1.0000000000000002
1219,0.0002548856270663776,0.6786566394538277,0.3213433605461723,1.0
1220,0.00023758505602558932,0.904229247321776,0.09577075267822399,1.0
1221,0.00026987574401593484,0.5681043918625901,0.43189560813740996,1.0
1222,0.00028523351141794334,0.4553542188278888,0.5446457811721112,1.0
1223,0.0002484132116773862,0.7400543192533805,0.25994568074661967,1.0000000000000002
1224,0.0002449974952312591,0.8580302360784151,0.14196976392158484,1.0
1225,0.0002545744281616351,0.6714830549828507,0.3285169450171493,1.0
1226,0.00024584761159964516,0.8763998899252196,0.12360011007478035,0.9999999999999999
1227,0.0002580576853830401,0.6286201458764263,0.3713798541235736,1.0
1228,0.00024636943940950295,0.8450047557040438,0.1549952442959563,1.0
1229,0.00025890839763676577,0.6444275674663026,0.35557243253369725,0.9999999999999998
1230,0.00024091636439273607,0.894492340699207,0.10550765930079295,1.0
1231,0.00025943923854618257,0.6599560923350052,0.34004390766499487,1.0
1232,0.00024770778709776566,0.8162902596271099,0.18370974037289012,1.0
1233,0.0002485427522794783,0.824306782889595,0.17569321711040492,1.0
1234,0.000250554448910459,0.6768592878977047,0.3231407121022954,1.0
1235,0.00024381853501183602,0.808764612948675,0.19123538705132506,1.0
1236,0.00024766645059462694,0.7442168903994023,0.2557831096005975,0.9999999999999998
1237,0.00026206412642649905,0.6449722398263585,0.35502776017364146,1.0
1238,0.000244425232703953,0.8105295563604135,0.18947044363958643,0.9999999999999999
1239,0.0002468699465929838,0.8096769406852884,0.19032305931471166,1.0
1240,0.00024488420936924694,0.7034098946644014,0.2965901053355986,1.0
1241,0.0002461159971781559,0.8223184487194716,0.17768155128052857,1.0000000000000002
1242,0.0002628694153661922,0.6347674323551386,0.3652325676448615,1.0
1243,0.0002550374474231569,0.6920422059122805,0.30795779408771945,1.0
1244,0.00025458294724338854,0.6932707303399168,0.3067292696600833,1.0
1245,0.00023640850203762706,0.8510755512580143,0.14892444874198577,1.0
1246,0.00026520871068434255,0.6085972769040513,0.39140272309594876,1.0
1247,0.0002476199887457985,0.8279329158906815,0.17206708410931848,1.0
1248,0.0002225773114467082,0.8196366170061803,0.18036338299381968,1.0
1249,0.00025199839250221456,0.7172253606679605,0.28277463933203956,1.0
1250,0.00023781152794265115,0.7640404788920488,0.2359595211079511,1.0
1251,0.00024659466262463517,0.7717163076641786,0.2282836923358213,1.0
1252,0.00025411380691170926,0.6973492185549969,0.30265078144500307,1.0
1253,0.0002604840606519724,0.6563350392761721,0.34366496072382785,1.0
1254,0.00023812240084974395,0.8723186891377637,0.12768131086223636,1.0
1255,0.00027304305759015177,0.5476787289055955,0.4523212710944044,1.0
1256,0.0002305389155599205,0.854933501498909,0.14506649850109102,1.0
1257,0.000247968449733503,0.8276564953022336,0.17234350469776644,1.0
1258,0.0002484610254047039,0.8164702262787705,0.18352977372122947,1.0
1259,0.000237495035298418,0.7746622441095921,0.22533775589040794,1.0
1260,0.00024305736950338655,0.8377073967904326,0.16229260320956737,1.0
1261,0.0002584657421139484,0.6563009067819646,0.3436990932180354,1.0
1262,0.0002487846376772188,0.8478220269992437,0.1521779730007563,1.0
1263,0.0002465086544696813,0.660965471483861,0.3390345285161391,1.0
1264,0.00024940382773660694,0.7912393487928892,0.20876065120711093,1.0
1265,0.0002502207484112567,0.751227568175654,0.24877243182434605,1.0
1266,0.000245901229406332,0.8572922933417833,0.1427077066582167,1.0
1267,0.0002646658118515376,0.6042448567727607,0.39575514322723926,1.0
1268,0.00024726583469564484,0.6857779551210834,0.3142220448789166,1.0
1269,0.0002642847119867858,0.6108119686019113,0.38918803139808866,1.0
1270,0.0002474045004768729,0.8811957309067369,0.1188042690932631,1.0
1271,0.000270213864810641,0.5600369992854953,0.4399630007145046,1.0
1272,0.00025572700653173666,0.6753031452536901,0.32469685474630994,1.0
1273,0.00026542299454820163,0.5991413683969025,0.4008586316030977,1.0000000000000002
1274,0.00024354307737184142,0.8721359434343171,0.1278640565656829,1.0
1275,0.0002686042090178415,0.5841812515703715,0.4158187484296286,1.0
1276,0.00026456598414349985,0.6184766776845294,0.3815233223154707,1.0
1277,0.0002546359244649761,0.7293961206229749,0.2706038793770251,1.0
1278,0.00023929554930469122,0.8262465454982822,0.17375345450171778,1.0
1279,0.0002569730419880033,0.6991557786173859,0.3008442213826143,1.0000000000000002
1280,0.0002630841052594659,0.5564257129722484,0.4435742870277516,1.0
1281,0.00024857004302296305,0.7443065601672314,0.25569343983276854,1.0
1282,0.0002478173769598937,0.7195268087176383,0.28047319128236176,1.0
1283,0.0002474886103654228,0.8098789852761239,0.1901210147238762,1.0
1284,0.0002454297288715359,0.6674512963955594,0.33254870360444067,1.0
1285,0.00024384351270714995,0.8631440362085427,0.13685596379145729,1.0
1286,0.00024131929675504806,0.8963579474378621,0.10364205256213785,1.0
1287,0.0002466705569229345,0.778237102200638,0.22176289779936192,1.0
1288,0.0002538667202100141,0.6658601718939281,0.33413982810607196,1.0
1289,0.0002465311512626906,0.8088566610837264,0.19114333891627353,1.0
1290,0.0002468293986320673,0.7937980811466666,0.20620191885333342,1.0
1291,0.00024646020668677836,0.7945602863433064,0.20543971365669347,0.9999999999999999
1292,0.00024876249195551645,0.7932659597504236,0.20673404024957656,1.0000000000000002
1293,0.00025499157993824184,0.6826723819045887,0.3173276180954113,1.0
1294,0.0002457959067866443,0.7918520380595956,0.2081479619404043,0.9999999999999999
1295,0.00025412627514231505,0.6968548146725724,0.30314518532742774,1.0
1296,0.00024279816102652497,0.7672729267293954,0.23272707327060463,1.0
1297,0.00024945688145507793,0.6887663685242814,0.31123363147571864,1.0
1298,0.00025298797991226937,0.7130003029552965,0.28699969704470357,1.0
1299,0.00024232590175452234,0.8736461363906188,0.12635386360938128,1.0
1300,0.0002623466618483682,0.6028054597793344,0.39719454022066564,1.0
1301,0.00026166384042473954,0.648298836861723,0.35170116313827715,1.0
1302,0.000273360891506733,0.5485613263799641,0.45143867362003587,1.0
1303,0.000266960887056174,0.5092983366741872,0.4907016633258127,1.0
1304,0.0002512252930051686,0.7712197220737473,0.2287802779262526,1.0
1305,0.00023728206237136904,0.8097116559228419,0.1902883440771582,1.0
1306,0.00024661631086453335,0.8019191186717575,0.1980808813282426,1.0
1307,0.00022471739498223814,0.8198474306703667,0.18015256932963328,1.0
1308,0.0002516913208788439,0.7750925773410794,0.22490742265892064,1.0
1309,0.000250593484812552,0.6758325219007946,0.3241674780992055,1.0
1310,0.00024358034953238822,0.7315024365261443,0.26849756347385556,0.9999999999999999
1311,0.0002520456493414218,0.7433509682530546,0.2566490317469453,0.9999999999999999
1312,0.00024853158681117785,0.7809616030057857,0.21903839699421435,1.0
1313,0.0002370913448157237,0.8167647605758008,0.1832352394241992,1.0
1314,0.00025129807663197654,0.7625927317814135,0.23740726821858635,0.9999999999999999
1315,0.0002463855538596198,0.7203252204502253,0.2796747795497747,1.0
1316,0.00024403981902533628,0.7940344686097107,0.20596553139028928,1.0
1317,0.0002409298035126052,0.8473468831995203,0.1526531168004796,1.0
1318,0.0002399083984770395,0.8321921242360508,0.16780787576394912,1.0
1319,0.00026402777699031937,0.6194007947769915,0.3805992052230085,1.0
1320,0.0002442380386193362,0.8729106176976315,0.12708938230236863,1.0
1321,0.00025900618595017056,0.6626599168362003,0.33734008316379965,1.0
1322,0.0002599856340695935,0.6132395280907049,0.38676047190929524,1.0000000000000002
1323,0.00024945014243254814,0.8215866172652382,0.17841338273476173,0.9999999999999999
1324,0.00024558987075213977,0.7937136123173301,0.20628638768266983,0.9999999999999999
1325,0.00024664312964590995,0.7948717558987989,0.20512824410120126,1.0000000000000002
1326,0.00026158514649914446,0.5849663880909979,0.41503361190900195,0.9999999999999998
1327,0.0002484064951812539,0.8588102756254365,0.14118972437456337,0.9999999999999999
1328,0.00026527361162309007,0.606712132594267,0.393287867405733,1.0
1329,0.00026089566754640463,0.6550444744441946,0.34495552555580544,1.0
1330,0.00024242602152982215,0.8695655466138,0.1304344533862,1.0
1331,0.00025458749613024254,0.7150579984021305,0.2849420015978696,1.0
1332,0.0002601791360461334,0.6568536409987901,0.3431463590012101,1.0000000000000002
1333,0.00023477501644210557,0.8958964010433084,0.1041035989566916,1.0
1334,0.00025571543519880326,0.6885199658651568,0.3114800341348432,1.0
1335,0.0002459533832154539,0.8440615594645428,0.1559384405354573,1.0
1336,0.00025448903616959623,0.6821331599242806,0.31786684007571936,1.0
1337,0.0002337298575314118,0.8463858154578949,0.1536141845421051,1.0
1338,0.00024842788507269874,0.7658310870768726,0.23416891292312736,1.0
1339,0.0002422094980636489,0.8248091624002053,0.17519083759979467,1.0
1340,0.0002526941968886069,0.75417933610235,0.24582066389764995,1.0
1341,0.00023869096024113734,0.7238284631334563,0.2761715368665437,1.0
1342,0.0002690932551451331,0.5788508142809512,0.4211491857190488,1.0
1343,0.0002478159758858195,0.8751877885006677,0.1248122114993324,1.0
1344,0.0002624685377246235,0.5776941922522403,0.42230580774775955,0.9999999999999998
1345,0.0002436237291902566,0.855670337941646,0.14432966205835396,1.0
1346,0.00024091738037956896,0.8558738566150353,0.1441261433849646,1.0
1347,0.0002651049897307117,0.6102434269514921,0.3897565730485078,1.0
1348,0.00024061195051841293,0.8793879682395586,0.12061203176044143,1.0
1349,0.00023664198626889056,0.8771466294230461,0.12285337057695386,1.0
1350,0.0002656970793333807,0.6057499617393591,0.394250038260641,1.0
1351,0.00025361137585664013,0.691193604745649,0.308806395254351,1.0
1352,0.00024299352775674778,0.7952956695142362,0.2047043304857639,1.0000000000000002
1353,0.0002699624615656637,0.5739228299500838,0.42607717004991613,1.0
1354,0.00024014972106521995,0.8270298136873583,0.1729701863126417,1.0
1355,0.0002528999426235309,0.7265270091073133,0.2734729908926868,1.0
1356,0.00024375644683653083,0.7519475668428346,0.24805243315716535,1.0
1357,0.00024779917173834413,0.8431892501690612,0.1568107498309389,1.0
1358,0.0002492011255209032,0.8083863330857632,0.1916136669142367,1.0
1359,0.00025409621391350907,0.7183221000712777,0.2816778999287222,1.0
1360,0.00024650626163234016,0.8035778422359378,0.19642215776406216,0.9999999999999999
1361,0.0002571597271574492,0.665046604925177,0.33495339507482313,1.0
1362,0.0002552872660284765,0.555539690897185,0.44446030910281503,1.0
1363,0.0002479916813655104,0.8568052034224897,0.14319479657751027,1.0
1364,0.0002381911877383464,0.6252076277453246,0.37479237225467543,1.0
1365,0.00024281217497614167,0.8433172695337072,0.15668273046629286,1.0
1366,0.00024870856236056127,0.6819876965554468,0.3180123034445533,1.0
1367,0.0002491848975464748,0.7488655890000613,0.25113441099993855,0.9999999999999998
1368,0.00023015413215472533,0.7712195738315767,0.22878042616842326,1.0
1369,0.00025002810168449173,0.7814473700953116,0.2185526299046883,0.9999999999999999
1370,0.000280219264961271,0.4895441140486688,0.5104558859513312,1.0
1371,0.0002614787307484664,0.4903821212018851,0.509617878798115,1.0000000000000002
1372,0.0002483900368010059,0.8713603801177007,0.12863961988229933,1.0
1373,0.00024919436875357385,0.8595175582457396,0.1404824417542603,0.9999999999999999
1374,0.0002643527410587692,0.5428369004007405,0.4571630995992594,0.9999999999999999
1375,0.0002490115450547171,0.8824954508291211,0.11750454917087892,1.0
1376,0.00024745144322880114,0.607173142863592,0.3928268571364079,1.0
1377,0.0002483760609332557,0.885466313622768,0.11453368637723212,1.0
1378,0.000249551609979217,0.682405802254292,0.3175941977457079,1.0
1379,0.0002569906658794589,0.6856981968655015,0.31430180313449846,1.0
1380,0.0002494828193929178,0.8320569029613522,0.16794309703864793,1.0
1381,0.00024933253106608206,0.855555426731805,0.1444445732681951,1.0
1382,0.0002558260078118828,0.5869730486451832,0.41302695135481693,1.0
1383,0.0002482879647655914,0.8643152494473478,0.13568475055265217,1.0
1384,0.0002473718379872975,0.856677608759999,0.14332239124000107,1.0
1385,0.0002499925347087972,0.7792864533423292,0.2207135466576709,1.0
1386,0.00024554263540868337,0.7326229486067671,0.2673770513932329,1.0
1387,0.00025236200321063587,0.7478521564847833,0.25214784351521674,1.0
1388,0.00025320098484016176,0.7396724021364621,0.26032759786353793,1.0
1389,0.00022376372562181245,0.8174379726868818,0.18256202731311819,1.0
1390,0.00026041888382421596,0.6093869073644186,0.39061309263558136,1.0
1391,0.00027050989476979395,0.5505327528722866,0.4494672471277133,1.0
1392,0.00023240659674387027,0.9306054629703514,0.06939453702964854,1.0
1393,0.0002618407536679472,0.6369818769447799,0.36301812305522,1.0
1394,0.0002562785697975431,0.6938140666282524,0.30618593337174754,1.0
1395,0.0002620689526153474,0.5604648162443595,0.43953518375564055,1.0
1396,0.00027843605014596346,0.4938902830516013,0.5061097169483987,1.0
1397,0.0002490533658365702,0.8458232525379675,0.15417674746203244,1.0
1398,0.0002788230985961492,0.49484768244104615,0.505152317558954,1.0
1399,0.00025167300405850803,0.9288474038048676,0.07115259619513238,1.0
1400,0.0002527487047032243,0.6428066811144467,0.3571933188855532,1.0
1401,0.00024362577151452146,0.836725101402556,0.163274898597444,1.0
1402,0.0002606797143444619,0.6256321327885338,0.37436786721146625,1.0
1403,0.0002478852933730602,0.854879960389828,0.14512003961017192,1.0
1404,0.00024225246717691096,0.74048893965652,0.25951106034348,1.0
1405,0.00024808121892107656,0.7672852266336608,0.2327147733663391,1.0
1406,0.00024006005460033196,0.8515743852743848,0.14842561472561527,1.0
1407,0.00025970846683440424,0.6664400353315127,0.33355996466848714,0.9999999999999999
1408,0.0002469578058782735,0.788647512357943,0.21135248764205705,1.0
1409,0.0002550574038960951,0.7096654011009055,0.2903345988990946,1.0
1410,0.00023831780618836044,0.8603440665759079,0.13965593342409213,1.0
1411,0.00024039766467702498,0.7140859848510852,0.2859140151489148,1.0
1412,0.00026044843363654663,0.6541072760088315,0.34589272399116844,0.9999999999999999
1413,0.00024411182408040532,0.848592968861365,0.1514070311386349,1.0
1414,0.00024673057032867607,0.7906202442630202,0.20937975573697967,0.9999999999999999
1415,0.00024837869615081494,0.7829535256313443,0.21704647436865573,1.0
1416,0.00023937564249789474,0.8822499434962481,0.11775005650375192,1.0
1417,0.0002612048447890561,0.6552165245491604,0.3447834754508397,1.0
1418,0.00023350869008519992,0.6962437496023101,0.3037562503976899,1.0
1419,0.00023783760076871857,0.7422067045136813,0.25779329548631874,1.0
1420,0.00025373665823831315,0.7193068179184292,0.2806931820815709,1.0
1421,0.0002583410922809012,0.6768949987091963,0.32310500129080355,0.9999999999999999
1422,0.0002416681701302399,0.6672111653776298,0.33278883462237024,1.0
1423,0.00023381356488215904,0.8805877498140541,0.11941225018594594,1.0
1424,0.0002507978244928127,0.7499168955207438,0.250083104479256,0.9999999999999998
1425,0.00025605720405379694,0.7090258834656945,0.2909741165343055,1.0
1426,0.0002356583782688011,0.8113830394325973,0.18861696056740268,1.0
1427,0.0002533209827535784,0.6917472558956661,0.3082527441043338,0.9999999999999999
1428,0.00025468396497768675,0.7208920731112385,0.2791079268887615,1.0
1429,0.0002482488996095855,0.7886253246365569,0.2113746753634431,1.0
1430,0.0002478133663115965,0.7258633412199481,0.2741366587800519,1.0
1431,0.00026797704108969797,0.5858139853068169,0.41418601469318317,1.0
1432,0.0002499047023213022,0.9231603667763364,0.07683963322366363,1.0
1433,0.0002765592959934276,0.5147620474131538,0.48523795258684616,1.0
1434,0.0002473555618442944,0.857524613732579,0.142475386267421,1.0
1435,0.00024812841500891083,0.6993298630195058,0.3006701369804941,1.0
1436,0.00024316903576970475,0.8444389825085897,0.15556101749141016,0.9999999999999999
1437,0.00024921766761144484,0.6428191858029917,0.3571808141970084,1.0
1438,0.00024617973911116123,0.8060207831522266,0.19397921684777347,1.0
1439,0.00025262293276544033,0.7452692871428367,0.2547307128571633,1.0
1440,0.0002765810519159602,0.42889568375769344,0.5711043162423065,1.0
1441,0.0002924137379537831,0.35243783723449496,0.647562162765505,1.0
1442,0.00024800743656453394,0.7807272187464026,0.21927278125359742,1.0
1443,0.00026033141552023534,0.6575339169381056,0.34246608306189436,1.0
1444,0.00024022713807638114,0.7798409987216816,0.22015900127831847,1.0
1445,0.00024961153561641115,0.7729144875508656,0.22708551244913444,1.0
1446,0.0002638786141420633,0.5578834442555334,0.44211655574446657,1.0
1447,0.00024909100154456336,0.8600840110337116,0.13991598896628837,1.0
1448,0.00025083098973558506,0.7125669454337821,0.28743305456621776,0.9999999999999998
1449,0.00024753021629254625,0.7710034723213101,0.22899652767869,1.0
1450,0.0002600828387578771,0.6260177189143517,0.37398228108564846,1.0
1451,0.00024726690270837853,0.884470563283187,0.11552943671681308,1.0
1452,0.0002545712422229612,0.717807756144274,0.28219224385572617,1.0
1453,0.00024003433174778338,0.7974862761281628,0.2025137238718371,0.9999999999999999
1454,0.00023641139197146498,0.9102590926425717,0.08974090735742843,1.0
1455,0.00024084345496434075,0.7366840005239519,0.26331599947604806,1.0
1456,0.000250522632095617,0.8037685844365534,0.19623141556344673,1.0000000000000002
1457,0.00023283498302299757,0.7200378217170907,0.2799621782829092,1.0
1458,0.0002612953550811267,0.5930382597552036,0.4069617402447963,1.0
1459,0.00023527036644758762,0.9206009542357055,0.07939904576429448,1.0
1460,0.00026213494410036735,0.6225923044966561,0.3774076955033439,1.0
1461,0.0002461864473722521,0.8512686419950796,0.14873135800492046,1.0
1462,0.00024060697904190859,0.7339296589248726,0.26607034107512734,1.0
1463,0.00024511154586958185,0.8494354778733003,0.15056452212669968,1.0
1464,0.000249383462551363,0.7542786632412218,0.24572133675877825,1.0
1465,0.00023483232928906997,0.7742604482234723,0.22573955177652774,1.0
1466,0.0002367859006678075,0.7468348571529538,0.2531651428470462,1.0
1467,0.0002522044162661217,0.7675160259564341,0.232483974043566,1.0
1468,0.00024519709894680686,0.5825077096509234,0.41749229034907664,1.0
1469,0.000248742481690029,0.651844589886455,0.34815541011354506,1.0
1470,0.0002457598105044012,0.7545420581181609,0.24545794188183906,1.0
1471,0.00024918508633592953,0.7181491787789257,0.2818508212210743,1.0
1472,0.0002483277128035875,0.8634840700900601,0.13651592990993994,1.0
1473,0.000251894125259391,0.6198908739527413,0.3801091260472585,0.9999999999999998
1474,0.00025078167922094484,0.7737622952020614,0.22623770479793873,1.0000000000000002
1475,0.0002642116272154974,0.6240384890788234,0.37596151092117663,1.0
1476,0.0002397125454602669,0.8692561449963004,0.1307438550036996,1.0
1477,0.00024994171699638663,0.6500120720678382,0.34998792793216194,1.0
1478,0.0002574259080400158,0.6883029966529011,0.31169700334709904,1.0
1479,0.00025632703977573597,0.6935230842770829,0.30647691572291724,1.0
1480,0.000252498531700085,0.6778650140786484,0.32213498592135165,1.0
1481,0.00026438798758357236,0.621281597144804,0.378718402855196,1.0
1482,0.0002469894009241149,0.7949758447781526,0.20502415522184725,0.9999999999999999
1483,0.0002408655654099145,0.810149956507378,0.189850043492622,1.0
1484,0.0002573267357798829,0.6820308458464527,0.31796915415354715,0.9999999999999998
1485,0.0002478683564455804,0.8939968633981505,0.10600313660184943,1.0
1486,0.00026217926053597276,0.6458639030761285,0.3541360969238715,1.0
1487,0.0002288441950284505,0.8719717071833724,0.12802829281662764,1.0
1488,0.00023601877507825212,0.755416184505968,0.24458381549403196,1.0
1489,0.0002518036106496557,0.7563426850610536,0.24365731493894632,1.0
1490,0.0002574817588495835,0.6787094968771148,0.32129050312288526,1.0
1491,0.0002470028589830244,0.6624607762495974,0.3375392237504027,1.0
1492,0.0002495329369767703,0.8146703667512086,0.1853296332487914,1.0
1493,0.00027206404301288587,0.5500859197773756,0.44991408022262436,1.0
1494,0.0002459058289731619,0.9051578413743033,0.09484215862569668,1.0
1495,0.00026738686995009313,0.5964694374451822,0.40353056255481784,1.0
1496,0.00024329176898806062,0.8084635956325128,0.19153640436748717,1.0
1497,0.00024900485427225915,0.7583141103959882,0.24168588960401194,1.0
1498,0.0002602364157524424,0.6597825408492228,0.34021745915077706,0.9999999999999999
1499,0.00024861960495970657,0.7269008338746642,0.2730991661253357,0.9999999999999999
1500,0.00024960651884727643,0.7407655736647728,0.25923442633522714,1.0
1501,0.00023897645645272052,0.8392133237074393,0.16078667629256077,1.0
1502,0.00024814288497095125,0.8259365164481556,0.17406348355184434,0.9999999999999999
1503,0.0002455053104784902,0.7624534076255691,0.23754659237443088,1.0
1504,0.0002711350319650308,0.5593380627809289,0.4406619372190711,1.0
1505,0.0002420783766427399,0.883959172497197,0.11604082750280305,1.0
1506,0.00025958014150936594,0.6139418122277517,0.3860581877722484,1.0
1507,0.000261630107760996,0.6341948813347784,0.3658051186652216,1.0
1508,0.0002483661407699703,0.9185175302855743,0.08148246971442567,0.9999999999999999
1509,0.0002469506824461886,0.7215123231629189,0.27848767683708114,1.0
1510,0.0002435258323883117,0.8052265236051203,0.1947734763948797,1.0
1511,0.00024487782017536123,0.734535258175771,0.26546474182422897,1.0
1512,0.0002530436065286427,0.7440038633093538,0.25599613669064614,0.9999999999999999
1513,0.0002431817432996976,0.7318122087730786,0.26818779122692127,0.9999999999999999
1514,0.00025525496442839045,0.709710453343782,0.290289546656218,1.0
1515,0.00023741057801888023,0.7683138188583266,0.2316861811416734,1.0
1516,0.00026107459667956765,0.6532970668583653,0.3467029331416348,1.0
1517,0.00022378349898440354,0.8341797510715268,0.1658202489284732,1.0
1518,0.000250124971970844,0.781807685116305,0.21819231488369487,0.9999999999999999
1519,0.0002474945317207764,0.7100060394857264,0.28999396051427356,1.0
1520,0.00025647900626135753,0.6340112524778044,0.3659887475221955,1.0
1521,0.00025354971708778764,0.6611644711763079,0.338835528823692,1.0
1522,0.0002450640626763723,0.7858547370238402,0.21414526297615985,1.0
1523,0.00023115991140314887,0.7154334171229453,0.2845665828770548,1.0
1524,0.00024847091324922753,0.8408751180229149,0.15912488197708494,0.9999999999999999
1525,0.00025426681606006957,0.5783464250030304,0.42165357499696954,0.9999999999999999
1526,0.0002523185225635185,0.7512614641458979,0.2487385358541021,1.0
1527,0.00023598410853943746,0.7852973050287615,0.21470269497123856,1.0
1528,0.0002465376002294709,0.7945409428068279,0.20545905719317223,1.0
1529,0.0002501760489633819,0.6951779654425517,0.3048220345574483,1.0
1530,0.0002448106936571533,0.8833084610565637,0.11669153894343641,1.0
1531,0.00025144778714772343,0.6850563319650079,0.3149436680349921,1.0
1532,0.00024602359590492,0.8778165980105727,0.12218340198942734,1.0
1533,0.00026079984501491967,0.6468325513312925,0.35316744866870753,1.0
1534,0.0002681088159549867,0.5855870555978837,0.4144129444021163,1.0
1535,0.00025206961314120047,0.7167465208634142,0.2832534791365859,1.0
1536,0.00025326796765677887,0.735781011664349,0.264218988335651,1.0
1537,0.0002456994247041671,0.8264834783572843,0.1735165216427157,1.0
1538,0.0002547383491753172,0.7096501763598619,0.290349823640138,1.0
1539,0.00025040546297670633,0.5574611141950435,0.44253888580495643,1.0
1540,0.0002447940850186937,0.8472783814939938,0.15272161850600627,1.0
1541,0.00024797541364095054,0.8655667692725754,0.1344332307274247,1.0
1542,0.0002513617436585013,0.7633879290440012,0.23661207095599873,1.0
1543,0.0002443474634485644,0.7705672639876167,0.2294327360123833,1.0
1544,0.0002489052327430106,0.7629885338966121,0.23701146610338783,1.0
1545,0.00026906194397178227,0.549688691289203,0.4503113087107971,1.0
1546,0.0002554768599042148,0.6793195174193537,0.3206804825806463,1.0
1547,0.00024611575654618864,0.8324529038094943,0.16754709619050565,1.0
1548,0.0002518514080270637,0.7491841313668005,0.2508158686331995,1.0
1549,0.00024512110002397863,0.759288531182975,0.24071146881702496,1.0
1550,0.00025016631729825924,0.7300152473913504,0.26998475260864974,1.0
1551,0.00025597757308468805,0.7018888977723461,0.2981111022276539,1.0
1552,0.0002570894942316667,0.6963803680390325,0.30361963196096753,1.0
1553,0.00024304002464711863,0.8353392686183096,0.1646607313816903,1.0
1554,0.00025388407322475526,0.7117956938782702,0.28820430612172965,0.9999999999999999
1555,0.00024756379936786266,0.7787010347180264,0.22129896528197357,1.0
1556,0.00024607513045905063,0.8040962674499919,0.19590373255000829,1.0000000000000002
1557,0.00027948045493151984,0.49786417088803786,0.5021358291119622,1.0
1558,0.0002456844963686498,0.8492926638966054,0.15070733610339457,1.0
1559,0.00024275278175318535,0.8244152272676909,0.17558477273230905,1.0
1560,0.00025148404060710774,0.7434885372393113,0.25651146276068876,1.0
1561,0.0002458046813239134,0.7404193065992456,0.2595806934007545,1.0
1562,0.0002494529527932415,0.7964645549739422,0.20353544502605778,1.0
1563,0.0002476403660451865,0.752356748679823,0.24764325132017698,1.0
1564,0.00026692258968112257,0.5715236426454429,0.4284763573545572,1.0
1565,0.00025119518351203815,0.9142316543044343,0.08576834569556574,1.0
1566,0.00027689836601807775,0.5197255666703321,0.48027443332966785,1.0
1567,0.0002515855027931388,0.9372930521271852,0.06270694787281485,1.0
1568,0.0002382374094854286,0.8399263448579172,0.16007365514208283,1.0
1569,0.0002555049595213417,0.7193479967547229,0.28065200324527706,1.0
1570,0.0002372638454849238,0.841312761161477,0.15868723883852295,1.0
1571,0.0002456265098636898,0.8060725880748787,0.19392741192512122,0.9999999999999999
1572,0.0002472460401302009,0.6947862778145767,0.3052137221854233,1.0
1573,0.00024551429227688234,0.6979867402966096,0.30201325970339044,1.0
1574,0.0002490450798353385,0.8491367075056412,0.15086329249435876,1.0
1575,0.00023741441936709333,0.7892971781261408,0.21070282187385922,1.0
1576,0.00024719425911752155,0.7412559470201432,0.2587440529798569,1.0
1577,0.0002551493917737344,0.6995049362110343,0.30049506378896573,1.0
1578,0.00024980154916689795,0.761187513289346,0.23881248671065403,1.0
1579,0.00025105564545687884,0.6809544801631933,0.3190455198368067,1.0
1580,0.0002476326634604762,0.6623830233373078,0.33761697666269214,1.0
1581,0.000248971310943836,0.839251748612751,0.16074825138724905,1.0
1582,0.00025270623535329534,0.6033768286537079,0.396623171346292,0.9999999999999999
1583,0.0002518178565711704,0.7400016134863108,0.2599983865136892,1.0
1584,0.00022276594574030572,0.799017026294932,0.20098297370506796,1.0
1585,0.0002561846587430259,0.7097782624937504,0.2902217375062495,1.0
1586,0.00023120555637906698,0.7926652999948643,0.20733470000513568,1.0
1587,0.0002585984516571184,0.659967077915243,0.340032922084757,1.0
1588,0.0002407870836893803,0.75399913542749,0.2460008645725101,1.0
1589,0.0002326867571223322,0.7251669056584474,0.27483309434155256,1.0
1590,0.00025400547362254447,0.7078176217691954,0.29218237823080473,1.0
1591,0.00025111230092063135,0.7769416744574498,0.22305832554255028,1.0
1592,0.00024196884792136226,0.6515662973340474,0.34843370266595275,1.0
1593,0.0002480789586640464,0.8596081037529683,0.14039189624703172,1.0
1594,0.00026013005891319845,0.6627503125767006,0.33724968742329936,1.0
1595,0.0002517137042525943,0.7225258939946172,0.27747410600538297,1.0000000000000002
1596,0.00024544078337368475,0.7546056209283017,0.2453943790716983,1.0
1597,0.0002547264837970571,0.6867110871330495,0.31328891286695043,1.0
1598,0.00024973523304761924,0.799294706335655,0.20070529366434495,1.0
1599,0.0002419441439152711,0.7767558871671846,0.22324411283281545,1.0
1600,0.00025472049616526605,0.7216472925589271,0.27835270744107304,1.0000000000000002
1601,0.0002486831111716208,0.8237187630619869,0.17628123693801323,1.0
1602,0.00025774253808399743,0.6451116330491349,0.3548883669508651,1.0
1603,0.00022671135673459823,0.8094339012861455,0.19056609871385455,1.0
1604,0.0002541916964104634,0.7337677904511203,0.2662322095488797,1.0
1605,0.00026421483890577604,0.6133413511271778,0.38665864887282214,1.0
1606,0.0002651209529949843,0.6077118388699344,0.3922881611300655,0.9999999999999999
1607,0.0002511751360969248,0.9151250255615424,0.08487497443845761,1.0
1608,0.0002639527879775916,0.5929218185678665,0.40707818143213353,1.0
1609,0.00025046482412916177,0.8014984679852808,0.19850153201471932,1.0
1610,0.0002513356240309063,0.5922491250963785,0.4077508749036215,1.0
1611,0.00024684456786893067,0.9231278576780224,0.07687214232197752,0.9999999999999999
1612,0.00025005051271859504,0.92553303790925,0.07446696209074995,1.0
1613,0.00025981874002246316,0.6344388677462168,0.3655611322537833,1.0
1614,0.00024278318112809158,0.7905076273834208,0.20949237261657913,1.0
1615,0.00022618915577837445,0.8934997549619988,0.10650024503800112,1.0
1616,0.00026015009918670763,0.6673395785511594,0.33266042144884056,1.0
1617,0.00022996022211381047,0.7969132426727443,0.20308675732725567,1.0
1618,0.0002527292527838755,0.7206687712205622,0.2793312287794379,1.0
1619,0.0002515026126209354,0.761121766406833,0.23887823359316696,1.0
1620,0.0002553762509961845,0.5764145900365963,0.42358540996340366,1.0
1621,0.00027109307268575593,0.495939610026753,0.5040603899732469,0.9999999999999999
1622,0.0002468437882143579,0.9108038274058164,0.08919617259418357,1.0
1623,0.000256059642700748,0.6953146457473149,0.304685354252685,1.0
1624,0.0002512209140575618,0.6788311158227591,0.3211688841772409,1.0
1625,0.0002477827495562018,0.850252923846395,0.14974707615360508,1.0
1626,0.00025513887778792017,0.647977600927863,0.352022399072137,1.0
1627,0.0002486197822336415,0.8645570142065316,0.13544298579346833,1.0
1628,0.00025536364493244256,0.6538381341462931,0.3461618658537068,0.9999999999999999
1629,0.00023694043636551947,0.8340869805368327,0.16591301946316728,1.0
1630,0.00025786428994655197,0.6724742889840667,0.3275257110159333,1.0
1631,0.0002592456526813049,0.6328116974350064,0.36718830256499363,1.0
1632,0.0002439461540031306,0.8441357359041887,0.15586426409581133,1.0
1633,0.0002532484181703827,0.6710129546464696,0.32898704535353035,1.0
1634,0.00023352421372235433,0.793816075658957,0.20618392434104307,1.0
1635,0.0002594118120786532,0.6379357808084836,0.3620642191915166,1.0000000000000002
1636,0.00023590570362906437,0.7800530112007964,0.21994698879920352,0.9999999999999999
1637,0.0002409504571253474,0.871958559395585,0.12804144060441505,1.0
1638,0.00025967056775947787,0.6555090281371612,0.3444909718628389,1.0
1639,0.00024177112518840196,0.8460017713033602,0.15399822869663976,1.0
1640,0.0002539497840050961,0.722879657733416,0.2771203422665839,0.9999999999999999
1641,0.00024863182840924,0.8652694841337273,0.13473051586627274,1.0
1642,0.0002590268961699973,0.6421310673370035,0.3578689326629965,1.0
1643,0.00025210182198320775,0.7537188680202808,0.24628113197971924,1.0
1644,0.0002497081912202103,0.8810387243802356,0.11896127561976443,1.0
1645,0.00026678454754126135,0.581296698705133,0.41870330129486705,1.0
1646,0.00026802289636544745,0.555865264254007,0.444134735745993,1.0
1647,0.0002488937881962715,0.8949936057990264,0.10500639420097352,1.0
1648,0.0002674505346886251,0.5717216215880386,0.4282783784119613,1.0
1649,0.00025084896225348964,0.7225676353752548,0.27743236462474524,1.0
1650,0.0002483860066479841,0.7802540330441153,0.21974596695588472,1.0
1651,0.00025157542621513895,0.7358470368131087,0.26415296318689147,1.0000000000000002
1652,0.00024516550882968844,0.7894670678268496,0.2105329321731503,0.9999999999999999
1653,0.000252345942667155,0.6818877488744106,0.3181122511255894,1.0
1654,0.00024146638600161757,0.8480890214087907,0.1519109785912091,0.9999999999999998
1655,0.0002461752957085833,0.7231258810491343,0.27687411895086567,1.0
1656,0.00024826192594933506,0.8272202887444308,0.17277971125556937,1.0000000000000002
1657,0.00023680310500416108,0.6877432455798684,0.3122567544201315,1.0
1658,0.0002478926539142444,0.8462262361174642,0.1537737638825358,1.0
1659,0.0002543670076977812,0.6063319062759642,0.39366809372403566,0.9999999999999999
1660,0.0002740713502214174,0.5420244421013198,0.4579755578986803,1.0
1661,0.00024134540128875284,0.8162226039252675,0.1837773960747325,1.0
1662,0.0002485009575112399,0.7618107274565905,0.23818927254340952,1.0
1663,0.00025268817227697555,0.7178227611236032,0.28217723887639673,1.0
1664,0.00024604346690795017,0.7173089965608394,0.2826910034391607,1.0
1665,0.000248020666914468,0.833516492512628,0.16648350748737192,1.0
1666,0.0002441886591120818,0.8427336636853423,0.1572663363146577,1.0
1667,0.0002642656069549778,0.6019278861862593,0.3980721138137408,1.0
1668,0.00024768294313237487,0.8438233510751609,0.15617664892483915,1.0
1669,0.00026255801261240117,0.6027513583535619,0.3972486416464382,1.0
1670,0.0002534045834387202,0.6626736602652081,0.33732633973479187,1.0
1671,0.00025013499426299274,0.89136299001463,0.10863700998536997,1.0
1672,0.0002638252916862422,0.615121195544762,0.384878804455238,1.0
1673,0.00024957478766224453,0.8957300186090528,0.10426998139094719,1.0
1674,0.00027700041135187456,0.5128937332020432,0.4871062667979569,1.0
1675,0.00027058569679232945,0.5704547824873349,0.42954521751266517,1.0
1676,0.0002378340608270658,0.906724871584548,0.09327512841545202,1.0
1677,0.00026868006808326123,0.585211004339918,0.4147889956600819,1.0
1678,0.0002538138701057847,0.735216761285678,0.264783238714322,1.0
1679,0.0002112005609429108,0.892865619955515,0.10713438004448493,1.0
1680,0.0002600828871458937,0.5989995814992674,0.4010004185007326,1.0
1681,0.00024940547912194954,0.8188545617790025,0.18114543822099752,1.0
1682,0.00024925831116741023,0.7831996842534313,0.21680031574656855,0.9999999999999999
1683,0.0002587028555026618,0.6461654093836304,0.35383459061636946,0.9999999999999999
1684,0.00025556904030301297,0.697435703391576,0.30256429660842404,1.0
1685,0.0002665833205323005,0.5814001507872848,0.4185998492127153,1.0
1686,0.00024298978728504856,0.8517213465323019,0.14827865346769797,0.9999999999999999
1687,0.0002566034021056834,0.6589921966176704,0.34100780338232956,1.0
1688,0.00024931034958471587,0.8075107321892797,0.19248926781072023,1.0
1689,0.00025936940119470356,0.6181186453082541,0.38188135469174594,1.0
1690,0.0002519122736524805,0.6634383578531854,0.3365616421468146,1.0
1691,0.00026191312239804077,0.6354908332190121,0.364509166780988,1.0
1692,0.00024359474185037223,0.8490377200810286,0.15096227991897124,0.9999999999999999
1693,0.0002644323851327461,0.6154326344071064,0.3845673655928935,0.9999999999999999
1694,0.00023818790446928997,0.8676188997147466,0.1323811002852535,1.0
1695,0.0002612895122602635,0.638638257169892,0.36136174283010797,1.0
1696,0.00024214353999855193,0.8768052833636063,0.12319471663639381,1.0
1697,0.00026716691264334344,0.5882189391652815,0.4117810608347185,1.0
1698,0.00025041385075238353,0.9207535893459667,0.0792464106540333,1.0
1699,0.00027837653807837325,0.5038585967557205,0.49614140324427936,0.9999999999999999
1700,0.00024388910256468416,0.7416772040306202,0.2583227959693798,1.0
1701,0.00024941428190471436,0.8045186804822672,0.19548131951773276,0.9999999999999999
1702,0.00024023623774018012,0.7621674186369606,0.2378325813630395,1.0
1703,0.000248164657899658,0.8014198646587519,0.19858013534124797,0.9999999999999999
1704,0.00025076526420322447,0.742720803436562,0.25727919656343795,1.0
1705,0.0002508349167545765,0.7479230175941579,0.25207698240584203,1.0
1706,0.0002810522652775745,0.47210683725384955,0.5278931627461504,1.0
1707,0.0002368608661383447,0.9139820261487664,0.08601797385123364,1.0
1708,0.00024138176975316115,0.8241933247886721,0.17580667521132776,0.9999999999999999
1709,0.0002624602627685451,0.6326099011944423,0.36739009880555773,1.0
1710,0.0002467319429779406,0.740698026426594,0.25930197357340595,1.0
1711,0.0002650613822955943,0.5833234600677502,0.41667653993224996,1.0
1712,0.00025698720370694316,0.6298197594879598,0.3701802405120404,1.0000000000000002
1713,0.00026014361167274875,0.6535123530663824,0.3464876469336175,1.0
1714,0.00026726392999548953,0.588736541852878,0.41126345814712184,0.9999999999999999
1715,0.00024350750753973307,0.8174154352104654,0.18258456478953444,0.9999999999999999
1716,0.00025050256706668386,0.7552082431933979,0.2447917568066021,1.0
1717,0.00022910418031012647,0.7018056776766591,0.2981943223233409,1.0
1718,0.00024953197444074494,0.7951703476655229,0.20482965233447714,1.0
1719,0.00023398685141091624,0.7167372876484367,0.2832627123515633,1.0
1720,0.000249328908337024,0.7945892967185256,0.20541070328147437,1.0
1721,0.0002391078647555969,0.6888182927497822,0.3111817072502178,1.0
1722,0.0002510767187660688,0.7749796954099465,0.22502030459005354,1.0
1723,0.0002313050897002031,0.780769248761508,0.219230751238492,1.0
1724,0.00024239207618098098,0.69040540434937,0.30959459565062997,1.0
1725,0.0002506934758613531,0.7202202290404298,0.2797797709595702,1.0
1726,0.00025016564086773085,0.7680343674182388,0.2319656325817611,0.9999999999999999
1727,0.0002444812337041307,0.898804544132811,0.101195455867189,1.0
1728,0.00026262638716858757,0.6236058621546335,0.37639413784536646,1.0
1729,0.00024266200281164029,0.8199948209679374,0.18000517903206262,1.0
1730,0.0002520351940924386,0.7317552217524331,0.2682447782475669,1.0
1731,0.00024333241649737258,0.8076209637645524,0.19237903623544772,1.0
1732,0.00025484817936671176,0.7010442176921262,0.29895578230787373,1.0
1733,0.0002591050061631245,0.6718357938203164,0.3281642061796835,1.0
1734,0.00023783558864699388,0.7552703549613354,0.2447296450386645,1.0
1735,0.0002477431486499196,0.9186199080757343,0.08138009192426562,1.0
1736,0.0002721211126150497,0.5538956098471715,0.4461043901528286,1.0
1737,0.0002436893328954386,0.9159569310188254,0.08404306898117461,1.0
1738,0.00023267366877525233,0.8364294213370279,0.16357057866297206,1.0
1739,0.0002579738932806535,0.66367087606248,0.33632912393752,1.0
1740,0.00024537697179035446,0.8327815718324147,0.16721842816758517,0.9999999999999999
1741,0.00025188673778236465,0.648386246111028,0.3516137538889721,1.0
1742,0.0002529482992996409,0.6877364071706606,0.3122635928293393,1.0
1743,0.0002136476399405573,0.9029712615999548,0.09702873840004533,1.0
1744,0.00026207407507685803,0.602838573155905,0.39716142684409494,1.0
1745,0.00023241472909248575,0.7736005543651535,0.2263994456348465,1.0
1746,0.0002619796881592488,0.630524509908643,0.36947549009135705,1.0
1747,0.00024521941252533634,0.8432250082954411,0.1567749917045589,1.0
1748,0.00025466296815589867,0.6740062431816015,0.3259937568183984,0.9999999999999999
1749,0.00023243670300511724,0.8270143251277806,0.17298567487221936,1.0
1750,0.00025417719304257294,0.7157703132948181,0.284229686705182,1.0
1751,0.00025761160596976654,0.6626896593492764,0.3373103406507235,0.9999999999999999
1752,0.00022915208515194847,0.8757116346293756,0.12428836537062439,1.0
1753,0.00026408400449079005,0.6162936831809525,0.38370631681904765,1.0
1754,0.00024815161866074,0.8612688955973563,0.13873110440264366,1.0
1755,0.0002734825239459307,0.5466781952386428,0.4533218047613571,0.9999999999999999
1756,0.000246496371635859,0.9130106047729293,0.08698939522707058,0.9999999999999999
1757,0.0002533972628408777,0.6751114122569356,0.32488858774306445,1.0
1758,0.00024440488463546643,0.6744601529734009,0.3255398470265991,1.0
1759,0.0002420743073540779,0.787143621606869,0.21285637839313112,1.0000000000000002
1760,0.00025188079609524724,0.7511319715210892,0.24886802847891076,1.0
1761,0.0002486850784034061,0.8015509439087214,0.19844905609127853,0.9999999999999999
1762,0.00025055636344655825,0.723013257368474,0.27698674263152595,1.0
1763,0.00025220673857034533,0.7503029702921034,0.24969702970789656,0.9999999999999999
1764,0.00025305304613980085,0.7109866436615774,0.2890133563384225,0.9999999999999999
1765,0.00024408352868698647,0.6845326487623477,0.31546735123765235,1.0
1766,0.00024770501477743907,0.6544850493774076,0.3455149506225923,0.9999999999999999
1767,0.00025537942981471596,0.7095399055601173,0.29046009443988274,1.0
1768,0.0002336227773581131,0.7999164558828818,0.20008354411711812,1.0
1769,0.00024760200058376175,0.7068275178895217,0.2931724821104783,1.0
1770,0.00023258507495930376,0.7388604753718279,0.2611395246281721,1.0
1771,0.0002495781049196889,0.801245084136819,0.19875491586318084,0.9999999999999999
1772,0.00024906703197340104,0.7611368306683689,0.23886316933163107,1.0
1773,0.0002460496989527374,0.8324643605906895,0.1675356394093104,0.9999999999999999
1774,0.00021739673448298278,0.7856863751439012,0.21431362485609884,1.0
1775,0.00025056580143314837,0.7377325372064141,0.2622674627935859,1.0
1776,0.0002526663343867766,0.6970609948895752,0.3029390051104249,1.0
1777,0.00022622110111547388,0.7929170316216939,0.20708296837830606,1.0
1778,0.000250517952454227,0.7141101327172623,0.2858898672827377,1.0
1779,0.00021701088812749698,0.7470650382734797,0.25293496172652036,1.0
1780,0.0002538899871260805,0.6977086230682843,0.3022913769317158,1.0
1781,0.0002456595853254294,0.906223679442611,0.09377632055738906,1.0
1782,0.000261404493825352,0.63444526594576,0.3655547340542401,1.0
1783,0.00024268110419616625,0.8377618284914997,0.16223817150850028,1.0
1784,0.0002532671518739558,0.7301019867067363,0.26989801329326363,1.0
1785,0.00025226303859600185,0.9381500517110802,0.06184994828891981,1.0
1786,0.00024275187414198423,0.8367764709083638,0.16322352909163623,1.0
1787,0.00026472214622704236,0.5875137861875704,0.41248621381242945,0.9999999999999999
1788,0.00024775499211954194,0.8879693541193494,0.11203064588065059,1.0
1789,0.0002543059376976085,0.5931787239043396,0.40682127609566043,1.0
1790,0.0002347371444957831,0.7633808271454784,0.2366191728545216,1.0
1791,0.00025652824326688554,0.6677948141893886,0.3322051858106114,1.0
1792,0.00023311178879645658,0.8346697193278844,0.16533028067211555,0.9999999999999999
1793,0.00025698635797920873,0.6577963113854997,0.34220368861450035,1.0
1794,0.0002492222974644762,0.7420442708925021,0.25795572910749787,1.0
1795,0.00025086736998968114,0.7725545596560494,0.2274454403439506,1.0
1796,0.00023992267630057663,0.7556101489937083,0.24438985100629168,1.0
1797,0.00024584597708929686,0.7913890092804655,0.20861099071953454,1.0
1798,0.0002653318260536197,0.6130377257061235,0.3869622742938766,1.0
1799,0.00025905116382775876,0.6638941270903915,0.33610587290960847,1.0
1800,0.0002481284410659141,0.7364303559762945,0.2635696440237055,1.0
1801,0.00025208447694607293,0.7479159091227969,0.25208409087720307,1.0
1802,0.0002487807634255074,0.894914936595183,0.10508506340481699,1.0
1803,0.0002461497446131938,0.8487947221151895,0.15120527788481056,1.0
1804,0.00025288583059685497,0.716104756266599,0.2838952437334012,1.0000000000000002
1805,0.00024451350171360433,0.7810588236584972,0.21894117634150276,1.0
1806,0.0002446715669129285,0.8195310661978575,0.18046893380214254,1.0
1807,0.00023370160021766114,0.8406447988570909,0.15935520114290913,1.0
1808,0.0002549652317731596,0.6927617366938433,0.30723826330615667,1.0
1809,0.000255582381331091,0.6934003618091632,0.3065996381908368,1.0
1810,0.00022883906988950824,0.7700735044466065,0.22992649555339348,1.0
1811,0.0002509875043920586,0.7869325605385479,0.2130674394614521,1.0
1812,0.00026099232183954756,0.6427626374222791,0.3572373625777209,1.0
1813,0.00025574796423633234,0.7083555181270783,0.2916444818729216,0.9999999999999999
1814,0.00023915358700434184,0.7857466857178143,0.2142533142821857,1.0
1815,0.0002554438171895304,0.6833900144449427,0.31660998555505726,1.0
1816,0.00025450133496747885,0.7086648389708238,0.2913351610291762,1.0
1817,0.00026571872627556667,0.5611730149688838,0.4388269850311162,1.0
1818,0.0002477462580552164,0.8082569833600233,0.19174301663997664,0.9999999999999999
1819,0.00025404877319509475,0.7085804952448651,0.2914195047551348,0.9999999999999999
1820,0.00023392291498895086,0.7792327811859142,0.22076721881408584,1.0
1821,0.0002563884040147044,0.6047231936425254,0.3952768063574747,1.0
1822,0.0002460757409784986,0.7896923168490492,0.2103076831509507,0.9999999999999999
1823,0.0002556569417766141,0.6928147830379289,0.30718521696207113,1.0
1824,0.0002520277681857311,0.7278339745364235,0.27216602546357654,1.0
1825,0.00027038309975549376,0.5669012267856938,0.4330987732143061,0.9999999999999999
1826,0.00024713473013230085,0.9009681994344464,0.0990318005655537,1.0
1827,0.0002722183037502252,0.5488174496951267,0.4511825503048734,1.0
1828,0.0002718270506137183,0.5417601032082899,0.4582398967917101,1.0
1829,0.00024531951593013577,0.8223419724900938,0.17765802750990617,1.0
1830,0.00025340474527830596,0.7429932123938473,0.2570067876061526,0.9999999999999999
1831,0.00023842724570491948,0.7516867301209804,0.24831326987901953,1.0
1832,0.00025332519643856414,0.7534031615881284,0.2465968384118717,1.0
1833,0.00022041203563048637,0.7506247705064402,0.24937522949355992,1.0
1834,0.0002488968955840689,0.8340896232528929,0.16591037674710718,1.0
1835,0.00024313972035589328,0.5751915324215473,0.4248084675784526,0.9999999999999999
1836,0.00025033740067238985,0.7845406812208756,0.21545931877912441,1.0
1837,0.00023651384510971814,0.8851375579690063,0.11486244203099381,1.0
1838,0.00024648298586790263,0.8043934192531061,0.19560658074689388,1.0
1839,0.00024839186943575374,0.8181494422115577,0.18185055778844236,1.0
1840,0.00025814882435450467,0.603028168111421,0.39697183188857893,1.0
1841,0.0002513644245742872,0.7473075780146159,0.252692421985384,0.9999999999999999
1842,0.00024449617275391753,0.7625396975812758,0.23746030241872412,1.0
1843,0.0002553870745298422,0.6782926095508178,0.32170739044918223,1.0
1844,0.00024422534970872854,0.8826628404255731,0.11733715957442688,1.0
1845,0.00024628630615405677,0.8766120185755741,0.12338798142442582,1.0
1846,0.0002722680918814237,0.5406436346037887,0.45935636539621133,1.0
1847,0.00024836323466708457,0.8250553580625227,0.17494464193747733,1.0
1848,0.00024890069973998826,0.7039157679982592,0.2960842320017407,0.9999999999999999
1849,0.00024285147940306202,0.7152203226180025,0.2847796773819975,1.0
1850,0.0002506950080505021,0.773063760217849,0.2269362397821511,1.0
1851,0.00024657615270630933,0.786353338272708,0.213646661727292,1.0
1852,0.00023476896714856577,0.7803511480643973,0.21964885193560266,1.0
1853,0.000238285683677013,0.8231635311625751,0.1768364688374248,0.9999999999999999
1854,0.00025579695601009046,0.7182913987558223,0.2817086012441776,0.9999999999999999
1855,0.00023407703791258886,0.8326700054153335,0.1673299945846665,1.0
1856,0.0002575256987217666,0.6846337643203751,0.31536623567962485,1.0
1857,0.00025252876617679336,0.672959799792757,0.32704020020724306,1.0
1858,0.00025173254936158976,0.7617179783934762,0.23828202160652381,1.0
1859,0.0002575169093855462,0.6850453977719285,0.3149546022280714,1.0
1860,0.000224864491567275,0.8322051570952,0.16779484290479998,1.0
1861,0.0002589614801006763,0.6266425203506197,0.3733574796493803,1.0
1862,0.0002578613943393853,0.6769877869803332,0.32301221301966687,1.0
1863,0.0002514568646260566,0.7379898439088799,0.2620101560911202,1.0
1864,0.00024226269349678333,0.7648373883173207,0.2351626116826793,1.0
1865,0.00025302275089531396,0.7331721987396137,0.26682780126038613,0.9999999999999998
1866,0.00025531170795824095,0.7105982385260278,0.2894017614739724,1.0000000000000002
1867,0.00024529909644412405,0.8740417843788946,0.12595821562110535,0.9999999999999999
1868,0.00027197716495027606,0.5583057731189214,0.4416942268810786,1.0
1869,0.00024031132707760927,0.8990271275498622,0.10097287245013771,1.0
1870,0.00024800296112218134,0.8223560332267683,0.17764396677323155,0.9999999999999999
1871,0.0002454967407338857,0.6342851657808721,0.3657148342191278,1.0
1872,0.0002445134075493175,0.7013471051364977,0.2986528948635023,1.0
1873,0.00025638617515234385,0.7003439794434064,0.2996560205565937,1.0
1874,0.00024468486371118325,0.848957811303949,0.15104218869605096,1.0
1875,0.00026291444720109554,0.6324566817546995,0.3675433182453005,1.0
1876,0.0002421960533981222,0.7859979402752293,0.21400205972477065,1.0
1877,0.00025144675553887474,0.767735133965698,0.23226486603430194,1.0
1878,0.0002312409419054867,0.7483602896717546,0.2516397103282454,1.0
1879,0.00023881885285116652,0.7123993440854823,0.2876006559145178,1.0
1880,0.00024803916762318435,0.8356744564161079,0.16432554358389218,1.0
1881,0.00025882891764467987,0.6635117867527043,0.33648821324729566,1.0
1882,0.00026484535103245803,0.584550408164181,0.41544959183581887,0.9999999999999999
1883,0.00026035090912234415,0.650566275020178,0.34943372497982206,1.0
1884,0.0002485668329600727,0.7820196793868287,0.2179803206131713,1.0
1885,0.00023285449288376847,0.845114779686819,0.15488522031318097,1.0
1886,0.0002556359364059353,0.694465684477003,0.30553431552299687,0.9999999999999998
1887,0.00024804283148946156,0.8028411529167853,0.1971588470832148,1.0
1888,0.000248312832378755,0.8494413782222519,0.15055862177774823,1.0
1889,0.0002508281495338888,0.7283283164570881,0.27167168354291193,1.0
1890,0.00025683378306830403,0.6603738638611273,0.3396261361388728,1.0
1891,0.0002501097208446885,0.7287032052738017,0.2712967947261982,1.0
1892,0.00024119725953762356,0.7984635362832219,0.20153646371677816,1.0
1893,0.00025318156750164523,0.7454427184596014,0.2545572815403987,1.0
1894,0.00025893424951379965,0.6816923408573518,0.31830765914264825,1.0
1895,0.0002509982600360155,0.7711868924845331,0.22881310751546688,1.0
1896,0.00024922567618985053,0.7534062859990228,0.24659371400097718,1.0
1897,0.0002532998496895076,0.7395429173545578,0.26045708264544226,1.0
1898,0.0002449576684347733,0.7747281399840943,0.22527186001590557,0.9999999999999999
1899,0.0002514067770257041,0.7536795988446313,0.2463204011553686,0.9999999999999999
1900,0.00024860789612731176,0.7399224762878858,0.2600775237121142,1.0
1901,0.00025637139334276914,0.7031812212394434,0.29681877876055657,1.0
1902,0.0002521041008765429,0.6511190066608433,0.34888099333915673,1.0
1903,0.000257551760015612,0.5920419604994684,0.40795803950053156,1.0
1904,0.0002591969118038899,0.6000221328666386,0.39997786713336136,1.0
1905,0.0002490915023896417,0.8710666765210395,0.12893332347896036,0.9999999999999999
1906,0.0002636007291415975,0.5286957100279933,0.47130428997200663,1.0
1907,0.0002480244155675689,0.9109365026375335,0.0890634973624665,1.0
1908,0.000272011051496559,0.5525301539466276,0.4474698460533723,1.0
1909,0.0002486317185264144,0.8180987069428474,0.1819012930571527,1.0
1910,0.0002502871067523827,0.7629138874364663,0.23708611256353385,1.0
1911,0.00025130624387808626,0.7250093433229821,0.27499065667701794,1.0
1912,0.0002730063517436192,0.5474024267659391,0.45259757323406086,1.0
1913,0.0002650537466995005,0.5963575046581039,0.40364249534189606,1.0
1914,0.00025027980800050614,0.901027219592189,0.0989727804078109,0.9999999999999999
1915,0.000245178041291669,0.8282491849899981,0.1717508150100019,1.0
1916,0.00026284283809132085,0.6407500285300101,0.3592499714699899,1.0
1917,0.00024113552725779113,0.6987561138290398,0.30124388617096026,1.0
1918,0.0002494331297808928,0.8360729748299432,0.1639270251700567,1.0
1919,0.00025922695290540626,0.6633332405419613,0.3366667594580388,1.0
1920,0.00024117905373429788,0.8320203679485207,0.1679796320514792,1.0
1921,0.00027262674312824453,0.5478172398080006,0.4521827601919994,1.0
1922,0.00022546451309956732,0.7347138049386355,0.2652861950613646,1.0
1923,0.0002473410945541821,0.7953735734577755,0.2046264265422246,1.0
1924,0.0002378711800810981,0.6876273400076292,0.31237265999237085,1.0
1925,0.0002477617414492139,0.7676993242966123,0.23230067570338772,1.0
1926,0.00024847240651958694,0.7433039592386675,0.2566960407613325,1.0
1927,0.0002479364329704829,0.7893469646442494,0.21065303535575056,0.9999999999999999
1928,0.00024853882000530083,0.8541466028101303,0.14585339718986953,0.9999999999999999
1929,0.00020872678689898614,0.7820732261163589,0.21792677388364115,1.0
1930,0.0002524398340168365,0.7004715254238045,0.2995284745761955,1.0
1931,0.00025057586508541043,0.9296172050296134,0.07038279497038646,0.9999999999999999
1932,0.0002496450408091149,0.755529690455464,0.24447030954453597,1.0
1933,0.00024816808582834763,0.7169969224659669,0.28300307753403303,1.0
1934,0.00025434881194799777,0.6615237503691682,0.3384762496308318,1.0
1935,0.00021627369507013148,0.7575583530754366,0.2424416469245633,0.9999999999999999
1936,0.0002476886726400719,0.8329152908436703,0.1670847091563297,1.0
1937,0.0002613394989206172,0.544716198182683,0.45528380181731687,0.9999999999999999
1938,0.0002595353362075084,0.6697939015426878,0.3302060984573122,1.0
1939,0.00025095357444870306,0.7465254003967433,0.25347459960325674,1.0
1940,0.0002445675137464895,0.7831920594322936,0.2168079405677063,1.0
1941,0.000256785577473649,0.6759383543371809,0.32406164566281903,0.9999999999999999
1942,0.0002468856443569405,0.8414657788043961,0.15853422119560395,1.0
1943,0.00025385852760068355,0.7229835289255228,0.2770164710744771,0.9999999999999998
1944,0.0002490648976891887,0.7599096736004516,0.24009032639954833,0.9999999999999999
1945,0.00024992239317927714,0.7814401596417324,0.2185598403582676,1.0
1946,0.00024914297946090165,0.6997537792491473,0.30024622075085267,1.0
1947,0.0002469009962021553,0.8119737454613003,0.18802625453869964,1.0
1948,0.000246908714011152,0.6406555052287037,0.3593444947712962,1.0
1949,0.00024498158529959245,0.8570883871912071,0.14291161280879291,1.0
1950,0.00026351725618960626,0.630317156966761,0.36968284303323895,1.0
1951,0.00022986554803606103,0.7460916670823483,0.25390833291765175,1.0
1952,0.00024927606881556977,0.7853091698921277,0.2146908301078723,1.0
1953,0.00023936025242733314,0.7361732704754181,0.2638267295245818,1.0
1954,0.000251022055291533,0.6285878993465703,0.3714121006534297,1.0
1955,0.0002358111817102069,0.890600548633657,0.10939945136634295,1.0
1956,0.0002513701769234223,0.9456530118126425,0.05434698818735756,1.0
1957,0.00025430719900463623,0.6713156146789333,0.32868438532106675,1.0
1958,0.00024647378454557974,0.8599221641307493,0.14007783586925068,1.0
1959,0.00024195138838912226,0.8169990911002635,0.18300090889973655,1.0
1960,0.0002525544997815836,0.7164051135988038,0.2835948864011963,1.0
1961,0.000256891033285333,0.700307947161008,0.299692052838992,1.0
1962,0.00023499528548825155,0.8476779193048513,0.15232208069514863,0.9999999999999999
1963,0.00025824540401346,0.6652601729816459,0.33473982701835414,1.0
1964,0.0002531872796150886,0.571395188503993,0.428604811496007,1.0
1965,0.0002454100789851784,0.8436424293327278,0.1563575706672723,1.0
1966,0.0002581787595111935,0.6690353438158776,0.33096465618412246,1.0
1967,0.00024178804203776332,0.8038785331513797,0.19612146684862022,0.9999999999999999
1968,0.00024384430482466898,0.7983584781155423,0.20164152188445766,1.0
1969,0.00026561871944775714,0.6091593877638594,0.39084061223614075,1.0
1970,0.000244199907179041,0.8115390785187343,0.1884609214812657,1.0
1971,0.0002491179394467397,0.7860338742931718,0.21396612570682816,1.0
1972,0.00025158691260114676,0.6873489881787495,0.31265101182125055,1.0
1973,0.00024934655397274073,0.8260277868281745,0.17397221317182548,1.0
1974,0.00024936867239951164,0.8172470352639659,0.18275296473603414,1.0
1975,0.00025697989159167745,0.6907886370224581,0.309211362977542,1.0
1976,0.00024343499433784242,0.8113967438485674,0.18860325615143253,1.0
1977,0.00022792484999548804,0.8614780788359515,0.13852192116404854,1.0
1978,0.00022720465326107634,0.8370128981088732,0.16298710189112675,1.0
1979,0.00026083133189175713,0.6579262688100757,0.3420737311899242,0.9999999999999998
1980,0.0002439801902716729,0.7786143013717398,0.22138569862826019,1.0
1981,0.0002433894467973923,0.8143588623511968,0.18564113764880316,1.0
1982,0.0002509785866180432,0.7213825835028871,0.27861741649711286,1.0
1983,0.000238924908371147,0.822657605844474,0.17734239415552608,1.0
1984,0.0002493513012484158,0.8182376051192451,0.18176239488075485,1.0
1985,0.0002532860150441667,0.7383025649225935,0.26169743507740656,1.0
1986,0.00025347587590973913,0.7326256420198626,0.26737435798013737,1.0
1987,0.00025094689970428497,0.7742497828248192,0.2257502171751808,1.0
1988,0.0002576520737937861,0.6850517173214885,0.3149482826785114,0.9999999999999999
1989,0.00023960486256783715,0.7604131329379863,0.23958686706201368,1.0
1990,0.0002622575231132264,0.6382930143268593,0.36170698567314086,1.0
1991,0.0002606853692494191,0.6530467863765294,0.34695321362347065,1.0
1992,0.00023796947962833107,0.7839206911617163,0.21607930883828363,0.9999999999999999
1993,0.00024190110052425872,0.8543423454067633,0.1456576545932366,1.0
1994,0.0002573710013029232,0.6509135244928899,0.34908647550711025,1.0
1995,0.00024933626126676697,0.9116480328902432,0.08835196710975668,0.9999999999999999
1996,0.0002668063360865922,0.5834476394498238,0.41655236055017614,1.0
1997,0.00026264358208199964,0.6201830197337441,0.37981698026625593,1.0
1998,0.0002469431173977408,0.8803099483837027,0.11969005161629723,0.9999999999999999
1999,0.00024260430832610184,0.8419979922742327,0.15800200772576728,1.0
2000,0.0002493946850618073,0.7875327404730863,0.2124672595269138,1.0
2001,0.0002516510725950008,0.6142825015826618,0.3857174984173381,1.0
2002,0.0002491112520476815,0.8400026698526507,0.15999733014734938,1.0
2003,0.0002638066899174214,0.6217502081513939,0.378249791848606,1.0
2004,0.0002452899456675022,0.7662572503898587,0.23374274961014124,1.0
2005,0.00023978437609040648,0.6107346699973444,0.38926533000265573,1.0
2006,0.0002434638705446166,0.8192847927464979,0.180715207253502,0.9999999999999999
2007,0.00024382949454792983,0.6110933425678255,0.3889066574321745,1.0
2008,0.00024099672882536133,0.835273358800285,0.16472664119971506,1.0
2009,0.0002490780913285298,0.9104043931481628,0.08959560685183722,1.0
2010,0.0002486119596871782,0.8473785622335415,0.15262143776645853,1.0
2011,0.0002491431747187827,0.6623473757803574,0.33765262421964265,1.0
2012,0.00023021067610072752,0.8578213894664702,0.14217861053352976,1.0
2013,0.00020907087804234868,0.7929881094048964,0.2070118905951036,1.0
2014,0.00025333318561098384,0.7062316463670487,0.29376835363295134,1.0
2015,0.00024307956669561803,0.7058861947758424,0.2941138052241576,1.0
2016,0.0002533655632100646,0.7201621692015355,0.27983783079846436,0.9999999999999999
2017,0.0002440814501566016,0.9520741019547557,0.04792589804524426,1.0
2018,0.0002772839956293281,0.5133118117361726,0.4866881882638273,0.9999999999999999
2019,0.0002527659096269355,0.9475182125879716,0.05248178741202834,1.0
2020,0.0002673918469981996,0.5405533988647965,0.4594466011352036,1.0
2021,0.0002494898725707511,0.8675259859401668,0.13247401405983317,1.0
2022,0.000247148935965776,0.5979063348261645,0.4020936651738355,1.0
2023,0.0002583289028135491,0.6748937451906935,0.3251062548093066,1.0
2024,0.0002252355419155953,0.8660432090901541,0.13395679090984594,1.0
2025,0.00025646497244499023,0.6996246889413684,0.3003753110586316,1.0
2026,0.0002273543149558125,0.7872479081734931,0.21275209182650692,1.0
2027,0.00022556264832359206,0.7220781311998014,0.2779218688001987,1.0
2028,0.0002581807425115831,0.6637935857009326,0.3362064142990674,1.0
2029,0.0002448250074195851,0.8092391857285618,0.19076081427143826,1.0
2030,0.0002500334491718282,0.7361605252908476,0.26383947470915226,0.9999999999999999
2031,0.0002459168146431294,0.7451501083429739,0.25484989165702604,1.0
2032,0.0002588504018020756,0.6784775105419464,0.3215224894580537,1.0
2033,0.00024677511591787623,0.867471847641546,0.13252815235845408,1.0
2034,0.0002476489981143528,0.8210599536386705,0.17894004636132949,1.0
2035,0.00025921583165715913,0.6563140964783092,0.3436859035216908,1.0
2036,0.00022037729041978033,0.7763343351446894,0.22366566485531056,1.0
2037,0.0002492247834335179,0.7774145773773233,0.22258542262267664,1.0
2038,0.00023944915901213558,0.7932214246103327,0.2067785753896673,1.0
2039,0.0002466839410835829,0.7136270818900065,0.28637291810999355,1.0
2040,0.00025077397746343683,0.7712670798081691,0.22873292019183095,1.0
2041,0.0002538396738907347,0.6456131348092089,0.354386865190791,0.9999999999999999
2042,0.0002501949497753923,0.8003775869853604,0.19962241301463948,0.9999999999999999
2043,0.00026623734308569316,0.5796551812129747,0.42034481878702534,1.0
2044,0.00023972254283499881,0.7858251276694008,0.21417487233059915,1.0
2045,0.00024946058916208626,0.7045522429712429,0.29544775702875703,0.9999999999999999
2046,0.00028815785315587194,0.4349438984750532,0.5650561015249468,1.0
2047,0.0002740921365515476,0.5242730701510677,0.47572692984893233,1.0
2048,0.0002383816883532034,0.914049479699292,0.08595052030070802,1.0
2049,0.00026338048939856764,0.5795717277352346,0.42042827226476537,1.0
2050,0.0002656033068648801,0.5594402146487862,0.4405597853512138,1.0
2051,0.00025066583515505553,0.6059789326641084,0.3940210673358917,1.0
2052,0.0002256695317209814,0.9194181087733877,0.08058189122661223,0.9999999999999999
2053,0.0002715282654356213,0.5539500466344173,0.44604995336558273,1.0
2054,0.00026114546315955656,0.6389770087884257,0.3610229912115744,1.0
2055,0.0002665377749983406,0.5571479513686179,0.44285204863138194,0.9999999999999999
2056,0.0002634266943228652,0.6313027301373725,0.3686972698626275,1.0
2057,0.0002608688136244925,0.6573137742100226,0.34268622578997754,1.0
2058,0.0002471631199022758,0.849093910680099,0.15090608931990093,0.9999999999999999
2059,0.00023659028221637108,0.7374766457941488,0.2625233542058512,1.0
2060,0.00024038496467425452,0.834721664565459,0.16527833543454096,1.0
2061,0.00024087025243762656,0.8211869806768074,0.17881301932319263,1.0
2062,0.0002660985509809426,0.5979779165890365,0.40202208341096346,1.0
2063,0.00026798223961418526,0.5765192259208349,0.4234807740791652,1.0
2064,0.00024621942540775746,0.7289703247769329,0.27102967522306703,1.0
2065,0.00025362533746967346,0.7356294155985251,0.2643705844014748,1.0
2066,0.00024888928021981574,0.7494656745419211,0.2505343254580789,1.0
2067,0.0002229607759002547,0.7215636292800215,0.27843637071997845,1.0
2068,0.0002457507068850166,0.7864127809489543,0.21358721905104575,1.0
2069,0.0002749307919811096,0.44037006980012205,0.5596299301998778,0.9999999999999999
2070,0.00024488907467759883,0.7947847283761205,0.2052152716238796,1.0
2071,0.0002480359878463803,0.7503305862579347,0.2496694137420654,1.0
2072,0.0002483247253828658,0.7946107102216028,0.2053892897783971,0.9999999999999999
2073,0.00024966337887088634,0.8403229775584317,0.15967702244156823,0.9999999999999999
2074,0.0002599366019512149,0.6506380952829676,0.34936190471703243,1.0
2075,0.00021812829903126475,0.8869777793227878,0.11302222067721228,1.0
2076,0.00023819691743859832,0.7732738567325845,0.22672614326741553,1.0
2077,0.0002555584756050644,0.705602904272111,0.2943970957278889,1.0
2078,0.00024290471398626166,0.7886176448872296,0.21138235511277048,1.0
2079,0.00025056810058932886,0.7940961455716985,0.20590385442830142,0.9999999999999999
2080,0.00025420769761895756,0.5838573854357962,0.41614261456420387,1.0
2081,0.00024913493685426607,0.8606710890239739,0.13932891097602615,1.0
2082,0.0002564796797842305,0.6927171392335358,0.30728286076646416,1.0
2083,0.00025757595031339266,0.6856188373188301,0.3143811626811699,1.0
2084,0.0002442444083628669,0.8166780628301953,0.1833219371698047,1.0
2085,0.00024220332942169896,0.7796914113225053,0.2203085886774947,1.0
2086,0.0002532762664501652,0.7172203118012865,0.28277968819871346,1.0
2087,0.00023676815618262943,0.7521822100283035,0.24781778997169643,1.0
2088,0.00023938915033684332,0.7681812595419322,0.23181874045806788,1.0
2089,0.00025345457766602457,0.7316438351729636,0.2683561648270363,0.9999999999999999
2090,0.0002515272265171129,0.7258700932898603,0.2741299067101397,1.0
2091,0.0002312016244590613,0.7889665149277815,0.21103348507221847,1.0
2092,0.00022626466997239958,0.793962222599491,0.20603777740050894,1.0
2093,0.0002540399349900611,0.6866653420436174,0.31333465795638266,1.0
2094,0.00024853294591688094,0.85370399364345,0.1462960063565501,1.0
2095,0.00026315835904806444,0.5861497442019419,0.4138502557980581,1.0
2096,0.00025295976957022013,0.7023490090669616,0.29765099093303843,1.0
2097,0.00024675369688338254,0.8687191464573248,0.1312808535426751,1.0
2098,0.0002594451772637036,0.6601393651798013,0.3398606348201987,1.0
2099,0.00025091246235070747,0.759486661088156,0.24051333891184418,1.0000000000000002
2100,0.00025045612042368814,0.7094388680580658,0.29056113194193417,1.0
2101,0.00024889186221308234,0.784845529427876,0.21515447057212406,1.0
2102,0.00024381332795065695,0.6986021490808983,0.3013978509191016,1.0
2103,0.0002489997601447177,0.7662851051653411,0.23371489483465896,1.0
2104,0.0002531202259154427,0.7312032688726794,0.2687967311273207,1.0
2105,0.0002489836230614029,0.8241901397281017,0.17580986027189827,1.0
2106,0.00024890397475298435,0.6920901772184485,0.3079098227815515,1.0
2107,0.000249893500096267,0.6629836178193121,0.3370163821806879,1.0
2108,0.0002501338232133801,0.7991087392337198,0.20089126076628014,1.0
2109,0.00024896436736859297,0.8543571578911147,0.1456428421088854,1.0
2110,0.0002480460458119008,0.8741681493427352,0.12583185065726488,1.0
2111,0.0002577351432559707,0.6945980012370659,0.305401998762934,1.0
2112,0.00023344166885682415,0.8904472916600134,0.10955270833998668,1.0
2113,0.00024188730244814174,0.7915948601922932,0.2084051398077067,0.9999999999999999
2114,0.00026026117124318925,0.6628244034307965,0.3371755965692035,1.0
2115,0.0002542388757347451,0.6766125593006309,0.3233874406993691,1.0
2116,0.0002383550672463275,0.6081927397315943,0.3918072602684057,1.0
2117,0.00024199466821023445,0.7445419091813047,0.2554580908186952,0.9999999999999999
2118,0.00024816255494449987,0.8373344467748909,0.16266555322510914,1.0
2119,0.0002488162127995263,0.8914376492764224,0.10856235072357752,1.0
2120,0.00025042600027483814,0.7616750241717032,0.23832497582829693,1.0
2121,0.00024423995395471225,0.6554358466342537,0.3445641533657463,1.0
2122,0.00024804101406345613,0.8225315592208362,0.17746844077916368,0.9999999999999999
2123,0.00025282763513123136,0.7463661158478311,0.2536338841521688,0.9999999999999999
2124,0.00023983743709208495,0.7746559482077311,0.22534405179226888,1.0
2125,0.0002493649709555766,0.7575926407502557,0.24240735924974427,1.0
2126,0.000254161103989149,0.6917695523504047,0.30823044764959534,1.0
2127,0.00024455149336335394,0.8227635778940942,0.17723642210590587,1.0
2128,0.0002442846374663385,0.7559788904517397,0.2440211095482602,0.9999999999999999
2129,0.00025313511661055073,0.6711361122141568,0.32886388778584325,1.0
2130,0.0002410414507403032,0.8708256086593402,0.12917439134065975,1.0
2131,0.0002588976833519577,0.6559511971108971,0.34404880288910283,1.0
2132,0.0002477058642997272,0.8168666045689603,0.18313339543103968,1.0
2133,0.0002579876013660987,0.6247765185565082,0.3752234814434919,1.0
2134,0.0002505396043057078,0.7594789760804038,0.24052102391959612,1.0
2135,0.00025192156750411743,0.6708759412801042,0.32912405871989586,1.0
2136,0.0002493704991849001,0.7414340384258202,0.2585659615741797,1.0
2137,0.00024341571378989291,0.8326818718809029,0.16731812811909716,1.0
2138,0.00024511020318295027,0.7770567170575773,0.22294328294242272,1.0
2139,0.00026062626471132217,0.6341241252842154,0.36587587471578464,1.0
2140,0.0002409744292618991,0.8508674395302743,0.14913256046972564,1.0
2141,0.00024371230505480316,0.8169496351539014,0.18305036484609852,0.9999999999999999
2142,0.00025052955287668154,0.7287937518037492,0.2712062481962508,1.0
2143,0.0002493036900948235,0.7706045837218184,0.22939541627818152,0.9999999999999999
2144,0.00024081771349824136,0.8641627802237528,0.13583721977624721,1.0
2145,0.00027652819138220745,0.5174769246480464,0.48252307535195355,1.0
2146,0.0002482697913405277,0.9539026556022704,0.04609734439772947,0.9999999999999999
2147,0.00027615672683070527,0.4929046105175627,0.5070953894824373,1.0
2148,0.00023548549673504439,0.8712375858766199,0.1287624141233801,1.0
2149,0.00023511350201549486,0.7829787755301846,0.21702122446981534,0.9999999999999999
2150,0.0002444604588809537,0.7895505632924881,0.21044943670751196,1.0
2151,0.00024857381602589956,0.6570168407119027,0.34298315928809747,1.0000000000000002
2152,0.00024473484999276577,0.8987201908782547,0.10127980912174538,1.0
2153,0.000267240897854379,0.5896302039344047,0.4103697960655953,1.0
2154,0.0002443873237648422,0.8550567050420952,0.14494329495790492,1.0
2155,0.00024660878778566287,0.8201840016698837,0.1798159983301163,1.0
2156,0.00024177266570099453,0.7683223282900964,0.2316776717099037,1.0
2157,0.0002483237670560241,0.8762206265163507,0.12377937348364934,1.0
2158,0.000252030724821636,0.6733065778052487,0.32669342219475117,0.9999999999999999
2159,0.00025594430154199556,0.6993331304748538,0.3006668695251461,0.9999999999999999
2160,0.00023643611502702358,0.8581577572552782,0.14184224274472185,1.0
2161,0.00025790706331503934,0.6827756185166942,0.3172243814833059,1.0
2162,0.00024417865767761344,0.8471355193040121,0.15286448069598785,1.0
2163,0.00024681376513250946,0.827420640983632,0.17257935901636792,0.9999999999999999
2164,0.0002521572102125757,0.7512840820471065,0.24871591795289363,1.0000000000000002
2165,0.0002508159674534246,0.7505375403367752,0.2494624596632248,1.0
2166,0.0002480847578503164,0.8185737995229472,0.18142620047705282,1.0
2167,0.0002553350953814165,0.6941038694422749,0.3058961305577251,1.0
2168,0.00023703057194502216,0.7775978596594392,0.22240214034056083,1.0
2169,0.00024032665222263505,0.7948685484365874,0.20513145156341256,1.0
2170,0.00025796476151229106,0.6623739765269491,0.33762602347305093,1.0
2171,0.00024237707184846503,0.8409200373632949,0.15907996263670504,1.0
2172,0.0002554811312165428,0.6870631598363763,0.3129368401636237,1.0
2173,0.0002501107414909109,0.9142461151230751,0.08575388487692497,1.0
2174,0.00024464659211314687,0.8892729474160322,0.11072705258396764,0.9999999999999999
2175,0.00025067858161242006,0.6398592551910789,0.36014074480892116,1.0
2176,0.0002492576034003714,0.8351812895404875,0.16481871045951244,1.0
2177,0.0002470089460611272,0.6888793241449593,0.3111206758550407,1.0
2178,0.00025992646090033895,0.5925067624191249,0.40749323758087497,0.9999999999999999
2179,0.00024421098146105156,0.8074788468516886,0.19252115314831134,0.9999999999999999
2180,0.00025505731222396315,0.7115907836208927,0.2884092163791074,1.0
2181,0.00022757626799048758,0.7225136334489886,0.2774863665510115,1.0
2182,0.0002692262882406436,0.5757508557592999,0.42424914424070015,1.0
2183,0.00026270432542366127,0.5985399678063552,0.4014600321936448,1.0
2184,0.0002458522566953062,0.8840455189176073,0.11595448108239266,1.0
2185,0.0002558661568342102,0.6464352694888312,0.3535647305111688,1.0
2186,0.0002514214086171548,0.7072612686166582,0.2927387313833419,1.0
2187,0.00024434061116943576,0.8451093072421774,0.15489069275782263,1.0
2188,0.0002574311641641377,0.6887581753749106,0.3112418246250894,1.0
2189,0.0002435554245438933,0.7413421418653376,0.2586578581346624,1.0
2190,0.00026471401132869985,0.5959127632163793,0.40408723678362074,1.0
2191,0.0002540789581466435,0.5917676234983189,0.408232376501681,0.9999999999999999
2192,0.00026759666452983995,0.5864799765149525,0.4135200234850475,1.0
2193,0.00025458620120081,0.7039050828219802,0.29609491717802,1.0000000000000002
2194,0.00023859298147025366,0.8490059067820217,0.1509940932179783,1.0
2195,0.000258600294961101,0.6833699867875342,0.31663001321246564,0.9999999999999999
2196,0.00023846901095860067,0.701732501687074,0.2982674983129259,1.0
2197,0.0002486032650211243,0.8715740783790416,0.12842592162095845,1.0
2198,0.00024174161209342736,0.8052963498401426,0.19470365015985736,1.0
2199,0.0002470028334842296,0.8301642365916452,0.16983576340835485,1.0
2200,0.000247967270129652,0.8290638387670584,0.17093616123294167,1.0
2201,0.00024525668877973275,0.7927120279832642,0.20728797201673585,1.0
2202,0.0002700446773340086,0.55417670843496,0.44582329156504,1.0
2203,0.0002570187386398147,0.7021910217062743,0.2978089782937256,1.0
2204,0.00023445615240798477,0.7460464845472676,0.2539535154527323,1.0
2205,0.00024812735198386437,0.7373499525799873,0.2626500474200127,1.0
2206,0.000249776004265284,0.7380109241335705,0.2619890758664295,1.0
2207,0.0002503411765760843,0.7743039743533195,0.22569602564668054,1.0
2208,0.00024024121518966495,0.6996267002326068,0.3003732997673932,1.0
2209,0.0002586745844766007,0.671824502525181,0.328175497474819,1.0
2210,0.00024798063969585664,0.7895821343723868,0.21041786562761314,0.9999999999999999
2211,0.0002514302491827211,0.6119832197682579,0.388016780231742,0.9999999999999999
2212,0.0002640768811397562,0.6258095253625019,0.37419047463749805,1.0
2213,0.0002637246966274291,0.6298534467366377,0.3701465532633624,1.0
2214,0.00025619935611988204,0.6588882939376747,0.34111170606232516,0.9999999999999998
2215,0.00024251615192839016,0.8383075861209549,0.161692413879045,0.9999999999999999
2216,0.00024955319972382007,0.7265491458056352,0.2734508541943647,1.0
2217,0.0002488102598998025,0.7931416941498235,0.20685830585017662,1.0
2218,0.0002647477698681273,0.5927917854826952,0.40720821451730493,1.0
2219,0.0002558603440494241,0.5640233026128296,0.4359766973871704,1.0
2220,0.0002595641277936972,0.6390524711489193,0.3609475288510807,1.0
2221,0.00023207052514226864,0.8752705646334188,0.12472943536658121,1.0
2222,0.00026487975913168664,0.5902566720364276,0.4097433279635723,1.0
2223,0.0002597063293156013,0.6498850284181976,0.3501149715818023,1.0
2224,0.00026257690959161366,0.6387607651801392,0.36123923481986064,0.9999999999999999
2225,0.00022666408153250282,0.845859157591088,0.15414084240891202,1.0
2226,0.0002554780975209967,0.7113134924654638,0.2886865075345362,1.0
2227,0.0002479019895738216,0.8144283548242724,0.18557164517572747,0.9999999999999999
2228,0.0002519798761927468,0.6832625335111079,0.31673746648889206,1.0
2229,0.00025051628092558574,0.7685689221119212,0.23143107788807885,1.0
2230,0.0002434453741441884,0.7161034248622155,0.28389657513778455,1.0
2231,0.00023755971820113155,0.7713551119476185,0.2286448880523815,1.0
2232,0.00024294723189698545,0.7436439472464628,0.2563560527535372,1.0
2233,0.00023839115695149115,0.7388678214429087,0.26113217855709125,1.0
2234,0.00023826365647705987,0.798963014831723,0.201036985168277,1.0
2235,0.0002482358704044123,0.6450627600596649,0.3549372399403352,1.0
2236,0.0002466605252008457,0.8548290243143862,0.1451709756856139,1.0000000000000002
2237,0.0002547395797969067,0.6530414476504585,0.3469585523495415,1.0
2238,0.00023707062208353557,0.8057396067712297,0.19426039322877034,1.0
2239,0.00025243775210234286,0.7375884682102941,0.26241153178970594,1.0
2240,0.0002517375333679491,0.7630792413105255,0.23692075868947438,0.9999999999999999
2241,0.00023621647200191916,0.8967197536416452,0.10328024635835474,1.0
2242,0.0002280159193935568,0.888605287586796,0.11139471241320406,1.0
2243,0.0002504431120896197,0.8992704594355693,0.10072954056443076,1.0
2244,0.00025605618855979647,0.6386200764457964,0.36137992355420356,1.0
2245,0.00023715405200647722,0.7675274508276045,0.2324725491723954,1.0
2246,0.00025368967553143724,0.7372973144626255,0.2627026855373746,1.0
2247,0.0002587409121722738,0.6534831254047991,0.34651687459520075,0.9999999999999999
2248,0.00025631810116480424,0.6411411678361514,0.3588588321638486,1.0
2249,0.00024935941303467254,0.8178515310350957,0.1821484689649043,1.0
2250,0.0002475198280527616,0.6521767567667828,0.34782324323321706,0.9999999999999998
2251,0.000255750352957596,0.7104589987280672,0.28954100127193294,1.0
2252,0.00026017830273513233,0.6559651636500645,0.3440348363499355,1.0
2253,0.00024661834885438086,0.8060231873046283,0.1939768126953716,0.9999999999999999
2254,0.0002568827629375653,0.6846591725477732,0.31534082745222686,1.0
2255,0.00024421170118528804,0.7574286549998366,0.24257134500016347,1.0
2256,0.0002513251751394634,0.7585236316610634,0.24147636833893663,1.0
2257,0.00024793103376643833,0.7988947969956948,0.2011052030043053,1.0
2258,0.00025611929852652817,0.6625742652928581,0.3374257347071419,1.0
2259,0.00026346358644447064,0.6251030416516788,0.3748969583483212,1.0
2260,0.0002435545720761114,0.9085138572660522,0.09148614273394787,1.0
2261,0.0002714728255884946,0.5601300439752536,0.4398699560247463,0.9999999999999999
2262,0.00027485505239832365,0.5332889745686291,0.466711025431371,1.0
2263,0.00026075459235054446,0.6567999512533832,0.3432000487466169,1.0
2264,0.00024586772638190144,0.7209497247960078,0.2790502752039923,1.0
2265,0.0002478487434266662,0.8990764702028491,0.10092352979715077,0.9999999999999999
2266,0.00025788708874920817,0.6547148891966201,0.3452851108033798,1.0
2267,0.00025493490819274937,0.9346430397033928,0.06535696029660715,1.0
2268,0.0002795527260884004,0.4864304498146322,0.5135695501853679,1.0
2269,0.00025228757230885056,0.9219969275221475,0.07800307247785263,1.0
2270,0.0002771431306216047,0.47467001839688416,0.525329981603116,1.0
2271,0.0002433656168718969,0.7036795148709593,0.2963204851290408,1.0
2272,0.00025156328165741625,0.7727931699896297,0.2272068300103704,1.0
2273,0.00025118385142721376,0.7581831751104875,0.24181682488951245,1.0
2274,0.00025659742849615,0.7082881812981241,0.2917118187018759,1.0
2275,0.0002472307789230369,0.6909344047030221,0.3090655952969778,1.0
2276,0.0002571833715668191,0.6916018381722898,0.3083981618277102,1.0
2277,0.0002595103474329516,0.6668734866108085,0.3331265133891915,1.0
2278,0.00023722031678716893,0.9271689873426912,0.07283101265730885,1.0
2279,0.0002485710243305468,0.7023376635854846,0.2976623364145156,1.0000000000000002
2280,0.0002450948221044019,0.8100951949246661,0.18990480507533378,0.9999999999999999
2281,0.0002501850134776934,0.7486220031801841,0.25137799681981576,0.9999999999999999
2282,0.00024776092922081284,0.7973612621462509,0.20263873785374897,0.9999999999999999
2283,0.00024986330861923435,0.8037496831183291,0.19625031688167108,1.0000000000000002
2284,0.0002545182707115705,0.6490257552177823,0.35097424478221767,1.0
2285,0.00024840429688559584,0.8572502908436862,0.1427497091563137,0.9999999999999999
2286,0.00025856841382741063,0.6229756711625021,0.377024328837498,1.0
2287,0.0002494462626148061,0.8267058534248449,0.17329414657515513,1.0
2288,0.0002459381239217488,0.8307382473360863,0.16926175266391372,1.0
2289,0.0002324456629055041,0.6862841330650327,0.3137158669349673,1.0
2290,0.00024401809264991552,0.8218654863260217,0.17813451367397823,1.0
2291,0.00024830716666002266,0.8924335988576445,0.10756640114235559,1.0
2292,0.00024986935189958223,0.5554956119513236,0.4445043880486763,0.9999999999999999
2293,0.0002495032918583031,0.7396255252101378,0.26037447478986214,1.0
2294,0.00022660666110910482,0.7697500325163319,0.23024996748366808,1.0
2295,0.0002502233516492429,0.7802266415872896,0.2197733584127104,1.0
2296,0.00024386574252935648,0.7695644272203079,0.23043557277969218,1.0
2297,0.00025336731499471835,0.6661375351670356,0.3338624648329644,1.0
2298,0.0002577939034435084,0.6791821153605256,0.32081788463947436,1.0
2299,0.0002442480804216299,0.8532499183457685,0.14675008165423153,1.0
2300,0.000255269425949315,0.6885078605749972,0.3114921394250028,1.0
2301,0.00024411283661449618,0.8250914880789506,0.1749085119210493,0.9999999999999999
2302,0.00025583193189544,0.6860718607055682,0.31392813929443164,0.9999999999999999
2303,0.00025825512444849956,0.6691677825452724,0.3308322174547275,1.0
2304,0.00024815587216393765,0.8725637398788619,0.12743626012113818,1.0
2305,0.0002579638390045101,0.6800107860281198,0.3199892139718801,1.0
2306,0.00024326294791730718,0.7785800847759405,0.2214199152240594,1.0
2307,0.00025273831145670756,0.7478283162181324,0.2521716837818676,1.0
2308,0.00025418975434920006,0.6076581160693771,0.39234188393062286,1.0
2309,0.00024949845463275946,0.8888879468113872,0.11111205318861282,1.0
2310,0.0002525314044815868,0.7330693936256354,0.2669306063743647,1.0
2311,0.00023302335845160898,0.7427037269872292,0.2572962730127708,1.0
2312,0.0002444063595484917,0.7433570500155406,0.2566429499844593,1.0
2313,0.0002527002488321791,0.7139919416144741,0.2860080583855259,1.0
2314,0.0002447121781516149,0.9463068087547117,0.05369319124528829,1.0
2315,0.0002700899279024566,0.5472345563725018,0.4527654436274981,1.0
2316,0.0002658594981233656,0.5701244867929506,0.4298755132070495,1.0
2317,0.00023575623218175532,0.8762935838044585,0.12370641619554144,1.0
2318,0.00025510394924240637,0.6901531434758775,0.3098468565241224,1.0
2319,0.00025296524842531256,0.7111566895079384,0.2888433104920616,1.0
2320,0.00024324230568892162,0.7141806492442301,0.2858193507557699,1.0
2321,0.00025072140040329925,0.783477384454144,0.21652261554585608,1.0000000000000002
2322,0.00024507987657803915,0.6910644686387295,0.3089355313612705,1.0
2323,0.0002544840760826957,0.6826149941423234,0.31738500585767654,1.0
2324,0.00024951122529446966,0.7328466732364834,0.26715332676351644,0.9999999999999999
2325,0.0002493693885147849,0.8293875773058893,0.17061242269411078,1.0
2326,0.00025056134285991304,0.9234278372326419,0.0765721627673581,1.0
2327,0.00025546407817098575,0.6996428898691546,0.30035711013084543,1.0
2328,0.0002454147360729235,0.8611568150436839,0.13884318495631598,0.9999999999999999
2329,0.0002732640241219098,0.5343393271888779,0.4656606728111222,1.0
2330,0.00024826220581542765,0.8973980383249722,0.10260196167502779,1.0
2331,0.0002499605557100721,0.7894057674033065,0.21059423259669346,1.0
2332,0.00024526716129255046,0.6917938341895129,0.308206165810487,0.9999999999999999
2333,0.0002515067962003227,0.7215370122453325,0.27846298775466743,1.0
2334,0.00025265066426562134,0.7506738929151514,0.24932610708484865,1.0
2335,0.00024428352206740795,0.6896457729027167,0.3103542270972833,1.0
2336,0.000244131546041762,0.8152900727028694,0.1847099272971306,1.0
2337,0.00024692277881419305,0.803892910644265,0.19610708935573504,1.0
2338,0.0002484709683256083,0.7410529228502538,0.25894707714974624,1.0
2339,0.000245819745409395,0.8198566318858751,0.18014336811412487,1.0
2340,0.00024848135671177833,0.7813141109030299,0.21868588909697004,1.0
2341,0.00024939639887509613,0.7017234613396331,0.2982765386603669,1.0
2342,0.0002479833591073408,0.7859092023491816,0.2140907976508183,0.9999999999999999
2343,0.00025145342693344244,0.7556230744459802,0.24437692555401985,1.0
2344,0.00024850961383536156,0.728426612586517,0.271573387413483,1.0
2345,0.00024692544204607466,0.7892580030709722,0.2107419969290279,1.0
2346,0.00024898851807000764,0.757004875512608,0.24299512448739194,0.9999999999999999
2347,0.00023800090587437121,0.8436899408620758,0.15631005913792426,1.0
2348,0.0002386841369676099,0.7134863070157662,0.28651369298423385,1.0
2349,0.00025021964591593617,0.7978477529258946,0.2021522470741054,1.0
2350,0.00024349722573659304,0.6825295508373944,0.3174704491626055,0.9999999999999999
2351,0.0002464763039065407,0.8217174929397784,0.17828250706022172,1.0
2352,0.00025325562430534204,0.7225060596883564,0.2774939403116436,1.0
2353,0.00024384153748575156,0.8068991350627379,0.1931008649372621,1.0
2354,0.00025546972961886975,0.7039254897002813,0.29607451029971865,1.0
2355,0.00023545291838994754,0.7423983044793371,0.2576016955206629,1.0
2356,0.00025403366138239424,0.6042361174043436,0.3957638825956564,1.0
2357,0.00024001424691277753,0.6531751921564201,0.34682480784358,1.0
2358,0.0002218860068978308,0.7641079692500661,0.235892030749934,1.0
2359,0.0002472535465400139,0.8432512583353161,0.15674874166468392,1.0
2360,0.00025010420409045256,0.604369340653484,0.39563065934651587,0.9999999999999999
2361,0.00024885118375108604,0.8590681127095208,0.14093188729047923,1.0
2362,0.00026620142307118646,0.5367919459605227,0.46320805403947735,1.0
2363,0.00023877633487234823,0.7938008970922183,0.20619910290778165,1.0
2364,0.0002773049312188671,0.5019403675521387,0.49805963244786133,1.0
2365,0.000252992090725194,0.7498997734016293,0.25010022659837083,1.0
2366,0.00025406204876567823,0.7320757373366668,0.26792426266333325,1.0
2367,0.0002634449228118473,0.6350308761336911,0.36496912386630886,1.0
2368,0.00022831841040915542,0.8167876005953546,0.1832123994046454,1.0
2369,0.00024944846763533555,0.6667413529277775,0.3332586470722224,0.9999999999999999
2370,0.00024777073138212405,0.7799144722717144,0.22008552772828563,1.0
2371,0.00025501587088928065,0.7034248182753852,0.29657518172461467,0.9999999999999998
2372,0.0002385479968323401,0.8623583572024816,0.13764164279751845,1.0
2373,0.00026408738992333774,0.6196485473250241,0.38035145267497583,0.9999999999999999
2374,0.00024275973461902433,0.8740942843791342,0.12590571562086578,1.0
2375,0.00026385531407134306,0.622133179888491,0.377866820111509,1.0
2376,0.000273620164770361,0.5118438081388945,0.4881561918611055,1.0
2377,0.0002485272468260812,0.8798412661947864,0.1201587338052136,1.0
2378,0.00024849062976066097,0.8234101994576797,0.17658980054232032,1.0
2379,0.0002596530694876656,0.6465832556198596,0.3534167443801403,1.0
2380,0.00024640822105304554,0.8431987619892917,0.15680123801070836,1.0
2381,0.0002520219801948422,0.6978167348488405,0.3021832651511594,1.0
2382,0.00025045100284199336,0.7714520829910404,0.22854791700895968,1.0
2383,0.0002444618016098733,0.7777856117777768,0.22221438822222306,0.9999999999999999
2384,0.00025162123211802835,0.7115431321929285,0.2884568678070715,1.0
2385,0.00024509534209940205,0.8576519377649061,0.1423480622350939,1.0
2386,0.0002541927502551319,0.7285313360567831,0.271468663943217,1.0
2387,0.00023179395465980552,0.7746749643930616,0.22532503560693842,1.0
2388,0.0002540397268341128,0.7333249760627953,0.2666750239372047,1.0
2389,0.0002285907473137675,0.7492703766853855,0.2507296233146144,1.0
2390,0.0002555017680166666,0.7137946698476756,0.2862053301523244,1.0
2391,0.00023481135079176385,0.8014840206960302,0.19851597930396975,1.0
2392,0.0002518656751298374,0.7641082457555501,0.23589175424444989,1.0
2393,0.00024963592628333747,0.7517852627349043,0.24821473726509566,1.0
2394,0.0002734734735070166,0.5249162197310094,0.47508378026899045,0.9999999999999999
2395,0.000220689137894504,0.8218368435901447,0.17816315640985525,1.0
2396,0.0002527041105352579,0.7526028686378333,0.24739713136216662,1.0
2397,0.0002473459902316867,0.8323381176367659,0.16766188236323415,1.0
2398,0.0002522892946151384,0.6635482257903009,0.336451774209699,1.0
2399,0.00025652933872104066,0.6944375056501442,0.3055624943498557,0.9999999999999999
2400,0.00024979055829891367,0.6633559933272655,0.3366440066727346,1.0
2401,0.0002463460579322814,0.8247691259584188,0.17523087404158116,1.0
2402,0.0002418522757895892,0.8826731619630355,0.11732683803696463,1.0
2403,0.0002587372937317577,0.6505114990202102,0.3494885009797898,1.0
2404,0.000245948708263814,0.9162741948665353,0.08372580513346468,1.0
2405,0.00025471071120702747,0.5795644604703665,0.4204355395296336,1.0
2406,0.0002481246499166905,0.7092818528208272,0.2907181471791728,1.0
2407,0.00024185822304272,0.7768388487240353,0.22316115127596461,0.9999999999999999
2408,0.0002579694109145063,0.6793517860185181,0.32064821398148197,1.0
2409,0.0002480335691254627,0.8633511039719372,0.13664889602806277,0.9999999999999999
2410,0.0002597732217246902,0.6308301711774725,0.36916982882252747,1.0
2411,0.00024327089028523615,0.8432625815049068,0.15673741849509312,1.0
2412,0.0002574033370587168,0.671501620313407,0.3284983796865931,1.0
2413,0.0002375315379097709,0.8073201145911442,0.19267988540885583,1.0
2414,0.0002460419868556976,0.659529528372274,0.3404704716277262,1.0000000000000002
2415,0.00024835809172362507,0.8635728094892547,0.13642719051074534,1.0
2416,0.0002493648444851889,0.7970744689046273,0.2029255310953727,1.0
2417,0.00025588501922867916,0.7075286376229513,0.29247136237704874,1.0
2418,0.0002495408339044584,0.6322030575290856,0.36779694247091443,1.0
2419,0.0002538180484191537,0.6979669442680996,0.3020330557319003,0.9999999999999999
2420,0.0002635485060052144,0.5953154684551517,0.4046845315448482,0.9999999999999999
2421,0.0002497610553027135,0.9133503333750965,0.08664966662490353,1.0
2422,0.00025443779400293175,0.667110469574319,0.3328895304256811,1.0
2423,0.0002547590942032153,0.6786862964142821,0.32131370358571787,1.0
2424,0.0002424289931092625,0.9183264185602498,0.08167358143975026,1.0
2425,0.00026422241288649555,0.6138367834032835,0.38616321659671643,1.0
2426,0.00024085774311134853,0.7952030124677788,0.2047969875322212,1.0
2427,0.00024716406068912573,0.83555381333256,0.16444618666744018,1.0000000000000002
2428,0.00025057329722362204,0.6958932830818567,0.30410671691814334,1.0
2429,0.00024596273006181283,0.7995639969893038,0.20043600301069625,1.0
2430,0.00027207836678695674,0.556688180656392,0.4433118193436079,1.0
2431,0.0002499811436832532,0.7577730850698814,0.24222691493011858,1.0
2432,0.00027173006922610405,0.5492107600179721,0.45078923998202786,1.0
2433,0.0002494739690012087,0.8174736705373101,0.1825263294626898,0.9999999999999999
2434,0.00024928863405010546,0.7563165461900193,0.24368345380998066,1.0
2435,0.00025659279507503287,0.6345000918953354,0.3654999081046647,1.0
2436,0.000247306228887042,0.8859290304986476,0.11407096950135254,1.0
2437,0.00025367386836609745,0.7302224706102701,0.26977752938972976,0.9999999999999999
2438,0.0002445300517751729,0.7226572979200308,0.27734270207996914,0.9999999999999999
2439,0.0002464102559815328,0.8415380079465019,0.15846199205349815,1.0
2440,0.00025236071509259584,0.7304487234659457,0.26955127653405425,1.0
2441,0.0002190170797623544,0.7770881194247783,0.22291188057522177,1.0
2442,0.0002618442202974266,0.6049907778431024,0.3950092221568977,1.0
2443,0.00024833708954813036,0.8350835102298088,0.16491648977019124,1.0
2444,0.0002442762537547458,0.8462008193892326,0.1537991806107674,1.0
2445,0.0002592953652591462,0.5738058232014337,0.4261941767985663,1.0
2446,0.00024849871027439815,0.870663187866804,0.12933681213319592,0.9999999999999999
2447,0.00023879191197308483,0.6868667237820847,0.3131332762179153,1.0
2448,0.00024941994071622445,0.7346698162643309,0.265330183735669,1.0
2449,0.00022784413317281053,0.6197770036350363,0.38022299636496365,1.0
2450,0.00024826895140940905,0.8087795328165939,0.19122046718340616,1.0
2451,0.0002618497567946089,0.6204267021827892,0.3795732978172108,1.0
2452,0.0002449304828246463,0.8194492390336425,0.18055076096635742,1.0
2453,0.0002487785242516973,0.7270184444369256,0.2729815555630742,0.9999999999999998
2454,0.00024214305769146752,0.8555679833424824,0.1444320166575176,1.0
2455,0.0002553195127020598,0.6987933496953139,0.30120665030468613,1.0
2456,0.0002456145367928678,0.8263311812143349,0.17366881878566517,1.0
2457,0.00025394142110888863,0.6578106357593972,0.3421893642406028,1.0
2458,0.00025890911429440314,0.6454731394960687,0.3545268605039314,1.0
2459,0.0002484471254779662,0.8349491712790813,0.16505082872091864,1.0
2460,0.00024191101340963116,0.6906337499762876,0.3093662500237125,1.0
2461,0.00024432234584291913,0.8513636701870947,0.1486363298129054,1.0
2462,0.000249797770905309,0.6999306073212785,0.30006939267872146,1.0
2463,0.0002487025254109519,0.8064754004995176,0.19352459950048234,1.0
2464,0.0002494925920611173,0.7469303664674173,0.25306963353258266,1.0
2465,0.00024289575238087754,0.800553676473862,0.1994463235261381,1.0
2466,0.00025254217957186635,0.7226958053814537,0.2773041946185464,1.0
2467,0.00024760869232637637,0.8270264010528191,0.17297359894718095,1.0
2468,0.0002572873603799298,0.569497727327415,0.43050227267258506,1.0
2469,0.000265627872704207,0.599817950579869,0.4001820494201311,1.0
2470,0.0002636227906877952,0.631587443572308,0.36841255642769194,1.0
2471,0.00024356721607560018,0.8392938043287465,0.16070619567125358,1.0
2472,0.00025709044635322263,0.6671479255185031,0.33285207448149695,1.0
2473,0.0002667799558957102,0.5985780003026664,0.4014219996973336,1.0
2474,0.0002542316368145485,0.7136068748747024,0.2863931251252976,1.0
2475,0.00024496156679947034,0.7919063951110842,0.2080936048889158,1.0
2476,0.00024978925756083674,0.7289953177262823,0.27100468227371777,1.0
2477,0.0002493905344306835,0.8087873840141501,0.19121261598584988,1.0
2478,0.0002499775361155565,0.7732679795415818,0.2267320204584182,1.0
2479,0.00024264368668806,0.7369558626432154,0.2630441373567845,1.0
2480,0.0002299939092830428,0.8280043157046223,0.17199568429537768,1.0
2481,0.0002565305423900199,0.6846646501324983,0.3153353498675016,1.0
2482,0.00023698536383380875,0.8889673635881539,0.1110326364118461,1.0
2483,0.0002622617338101061,0.6279601918108605,0.37203980818913945,1.0
2484,0.00025382215414301336,0.691967859708904,0.30803214029109616,1.0
2485,0.000243861674437509,0.8356232899579259,0.1643767100420742,1.0
2486,0.00023989075534695893,0.7095557445430405,0.29044425545695945,1.0
2487,0.0002517639895380295,0.7640515155719271,0.2359484844280729,1.0
2488,0.00024921244564843733,0.8550956032591746,0.14490439674082542,1.0
2489,0.00024113471686715637,0.8423875383808348,0.1576124616191652,1.0
2490,0.00025095857867921497,0.7216098051516702,0.2783901948483299,1.0
2491,0.00024389024833019915,0.7660202992317254,0.23397970076827446,0.9999999999999999
2492,0.0002506627334069711,0.7890636318773233,0.2109363681226766,0.9999999999999999
2493,0.0002249227638444544,0.7547262546671695,0.24527374533283056,1.0
2494,0.00025347989555314887,0.7223529466118312,0.2776470533881688,1.0
2495,0.00024420692032828354,0.8232758217308712,0.17672417826912873,1.0
2496,0.00025380072389401666,0.7051898475337489,0.2948101524662511,1.0
2497,0.0002523384963451808,0.7087797770791264,0.2912202229208736,1.0
2498,0.00025734533904593957,0.6840872526915196,0.31591274730848035,1.0
2499,0.00025309064481033884,0.7403066933024727,0.2596933066975273,1.0
2500,0.0002643458352934316,0.6154032425489513,0.3845967574510488,1.0
2501,0.00024282973930934472,0.7982451394621545,0.2017548605378455,1.0
2502,0.00025600036321691324,0.708387709191465,0.2916122908085349,0.9999999999999999
2503,0.0002510817983504754,0.7840044160529966,0.2159955839470033,1.0
2504,0.0002488464045831162,0.8197859459877558,0.18021405401224433,1.0
2505,0.00024834395796916834,0.6587305771108543,0.3412694228891458,1.0
2506,0.0002570306187666095,0.6695029197883667,0.3304970802116332,1.0
2507,0.00026012639584470024,0.6438112196898178,0.3561887803101821,0.9999999999999999
2508,0.00024308608502171945,0.823052154549442,0.176947845450558,1.0
2509,0.0002564375672756033,0.7017723661442511,0.29822763385574885,1.0
2510,0.00024451417570172594,0.7418519439794414,0.25814805602055874,1.0000000000000002
2511,0.00024553065173390804,0.7529750484135533,0.24702495158644663,1.0
2512,0.00025242176224705385,0.7159610896099128,0.2840389103900874,1.0000000000000002
2513,0.0002673902110539088,0.5787209198650317,0.4212790801349683,1.0
2514,0.0002507801126608654,0.679562388826751,0.320437611173249,1.0
2515,0.00024078884589635491,0.8523914081645632,0.14760859183543693,1.0
2516,0.00026657085962737996,0.5970208855106506,0.40297911448934937,1.0
2517,0.00024426517217160165,0.8504278423987577,0.14957215760124246,1.0000000000000002
2518,0.00024584976192641223,0.7378584628600916,0.26214153713990834,1.0
2519,0.0002510777604213621,0.7267554042276063,0.27324459577239363,1.0
2520,0.00023679393908334365,0.8793106990450699,0.12068930095493009,1.0
2521,0.0002606512956996484,0.6469986032672816,0.3530013967327184,1.0
2522,0.000248383394484061,0.7718159671900536,0.2281840328099464,1.0
2523,0.0002421532866806604,0.7622134595056697,0.23778654049433026,0.9999999999999999
2524,0.00024957928146929047,0.7685030090903521,0.23149699090964787,1.0
2525,0.00025607768831920817,0.6500326739107259,0.34996732608927406,1.0
2526,0.0002125223884612722,0.9031757326093555,0.09682426739064451,1.0
2527,0.00021483931755907158,0.8757839728501098,0.1242160271498902,1.0
2528,0.00025320050375345505,0.7322180602113055,0.26778193978869436,0.9999999999999999
2529,0.00025887688559974816,0.6736186400967517,0.3263813599032484,1.0
2530,0.00025785569779307997,0.6840543755096609,0.3159456244903392,1.0
2531,0.00024939580732798503,0.7472652641061025,0.25273473589389744,1.0
2532,0.00025862877048461757,0.6709464472011798,0.3290535527988203,1.0
2533,0.00024265876509321996,0.8551134376377199,0.14488656236228017,1.0
2534,0.0002457150313637864,0.8041811401876025,0.1958188598123975,1.0
2535,0.00025245865304826824,0.7301422032904796,0.2698577967095205,1.0
2536,0.0002460082927022678,0.7606287685631019,0.23937123143689798,0.9999999999999999
2537,0.00024742338083690604,0.7714827254064612,0.2285172745935387,1.0
2538,0.0002529049977304819,0.7389907126857175,0.2610092873142825,1.0
2539,0.00023411741697823083,0.8204861265065344,0.17951387349346565,1.0
2540,0.0002571720251119932,0.6917300692342027,0.3082699307657974,1.0
2541,0.00024005838147746572,0.8267618386487156,0.17323816135128442,1.0
2542,0.00027136222755584134,0.5625889970151463,0.43741100298485375,1.0
2543,0.0002625351433872241,0.6090780977247537,0.3909219022752462,1.0
2544,0.0002512167187198384,0.7550387574554842,0.24496124254451593,1.0000000000000002
2545,0.0002565870830601644,0.6928352688382124,0.30716473116178744,0.9999999999999999
2546,0.0002644954350955321,0.575352092173434,0.4246479078265661,1.0
2547,0.0002501702814748259,0.9060673268931607,0.09393267310683916,0.9999999999999999
2548,0.0002672732705653734,0.5439810543958136,0.4560189456041864,1.0
2549,0.00026880482775656396,0.5719488920305398,0.42805110796946017,1.0
2550,0.0002603092660315659,0.6108573987193848,0.3891426012806152,1.0
2551,0.0002486425148941587,0.872044001511389,0.12795599848861094,1.0
2552,0.0002555511318197138,0.6739056842879236,0.3260943157120763,1.0
2553,0.0002500879672023099,0.7573265977171372,0.24267340228286277,1.0
2554,0.0002495103986497786,0.779615068436756,0.22038493156324404,1.0
2555,0.00023903187654173764,0.6911751678358667,0.3088248321641333,1.0
2556,0.00024885194817543603,0.846580548895609,0.15341945110439106,1.0
2557,0.000275161867797747,0.5194713161874254,0.4805286838125745,0.9999999999999999
2558,0.00025853684436208044,0.6662050948557746,0.33379490514422544,1.0
2559,0.00024061061238031374,0.8797436029720601,0.12025639702793996,1.0
2560,0.0002574175709810055,0.6809256895266315,0.31907431047336854,1.0
2561,0.00025769545305788397,0.6895007497335044,0.3104992502664957,1.0
2562,0.0002702088297413204,0.5635824294684213,0.43641757053157876,1.0
2563,0.0002485698317498129,0.7646191964442535,0.23538080355574653,1.0
2564,0.0002492455178466661,0.8901209641560595,0.10987903584394043,0.9999999999999999
2565,0.0002634741579111522,0.6022844656129617,0.39771553438703827,1.0
2566,0.0002497359666557843,0.8875232964519659,0.11247670354803413,1.0
2567,0.00026552117359577454,0.5552878222204752,0.4447121777795248,1.0
2568,0.00024918817832833237,0.8853995220330637,0.11460047796693637,1.0
2569,0.00025572463801899477,0.6619131665602894,0.3380868334397105,1.0
2570,0.00024574692890531375,0.8144121077171401,0.18558789228285977,0.9999999999999999
2571,0.0002399468880158739,0.841361934529063,0.15863806547093687,0.9999999999999999
2572,0.00024872012630935676,0.6933476631255446,0.3066523368744552,0.9999999999999998
2573,0.0002530174122727654,0.7293935841071613,0.2706064158928388,1.0
2574,0.0002529108973241202,0.7365939062661241,0.2634060937338758,0.9999999999999999
2575,0.00023988079983272434,0.8854197282004895,0.11458027179951048,1.0
2576,0.00024937245676581184,0.7445073041728067,0.2554926958271934,1.0000000000000002
2577,0.0002551171356620061,0.6995245110752001,0.3004754889247998,0.9999999999999999
2578,0.00024486978505451824,0.8139616212447376,0.1860383787552623,0.9999999999999999
2579,0.0002383297022126594,0.8303965708131827,0.16960342918681726,1.0
2580,0.00025476668273193795,0.6662046199934554,0.3337953800065446,1.0
2581,0.0002532016885089163,0.7124727811372977,0.28752721886270216,0.9999999999999999
2582,0.00024164100903797681,0.6447389630177102,0.3552610369822898,1.0
2583,0.00024447199995164683,0.8125688988879659,0.18743110111203415,1.0
2584,0.00023996796619630005,0.5878307587161317,0.4121692412838683,1.0
2585,0.00024420727932980937,0.8058267404878735,0.19417325951212652,1.0
2586,0.00024660972833978926,0.7230451887944755,0.27695481120552445,1.0
2587,0.00024336959568212855,0.7587353276293932,0.24126467237060684,1.0
2588,0.0002451750851408357,0.8174163038024318,0.18258369619756828,1.0
2589,0.00025256968764903414,0.7117671680340066,0.2882328319659934,1.0
2590,0.000245561993789692,0.7434329554175882,0.25656704458241164,0.9999999999999999
2591,0.00024142486672201183,0.8248726749707193,0.17512732502928074,1.0
2592,0.0002555653503200408,0.710102041593903,0.289897958406097,1.0
2593,0.0002415100956478508,0.7696594502388114,0.23034054976118853,1.0
2594,0.0002501440589525214,0.7599713566007602,0.24002864339923982,1.0
2595,0.00024489571498271026,0.6848441362743953,0.3151558637256047,1.0
2596,0.00023895595244751924,0.8563185148142789,0.14368148518572102,0.9999999999999999
2597,0.00025997467550181817,0.6576850497127285,0.3423149502872716,1.0
2598,0.00023400343248622485,0.8946793837250492,0.10532061627495085,1.0
2599,0.00026387430659039233,0.6274644667052737,0.3725355332947265,1.0000000000000002
2600,0.00023689976389862358,0.89826478401355,0.10173521598644994,1.0
2601,0.000267485781064726,0.5854315582966222,0.4145684417033778,1.0
2602,0.00026342108132975105,0.6238170768951539,0.3761829231048463,1.0000000000000002
2603,0.00024272715400140083,0.8389423063107835,0.16105769368921655,1.0
2604,0.0002495819086274713,0.7336707559734782,0.2663292440265218,1.0
2605,0.00024895511174144306,0.7456734156472901,0.25432658435271,1.0
2606,0.00024885999156324886,0.7839889766646398,0.21601102333536018,1.0
2607,0.0002474121326994853,0.7210937192115973,0.2789062807884027,1.0
2608,0.00024846140360208817,0.7183960128897936,0.28160398711020623,0.9999999999999998
2609,0.00025123670058946644,0.772300284656738,0.22769971534326197,0.9999999999999999
2610,0.000242940844290071,0.8599084190292069,0.1400915809707931,1.0
2611,0.00025793844258909307,0.6816106650410573,0.31838933495894267,1.0
2612,0.00023831862801296648,0.7299503416677218,0.2700496583322781,0.9999999999999999
2613,0.00026000504035921825,0.6641008536677148,0.3358991463322852,1.0
2614,0.0002491480649695917,0.7745665683178933,0.22543343168210678,1.0
2615,0.00023875250307062672,0.7727448943502294,0.22725510564977064,1.0
2616,0.00023874820186557037,0.8160130483009241,0.1839869516990758,1.0
2617,0.00025050810641311425,0.5473187199897033,0.4526812800102968,1.0
2618,0.000242577111486347,0.5758524635694657,0.42414753643053416,0.9999999999999999
2619,0.00026334775400444204,0.6198371627336962,0.3801628372663038,1.0
2620,0.0002322065130722827,0.9155074900437056,0.0844925099562945,1.0
2621,0.0002679691923727723,0.5819198590342781,0.4180801409657218,1.0
2622,0.00023160498900856596,0.6939087914196692,0.30609120858033073,1.0
2623,0.0002462782986402272,0.7485164057666904,0.2514835942333095,1.0
2624,0.00021894164474088295,0.7006868315534625,0.2993131684465375,1.0
2625,0.0002359942694933391,0.8743909662843399,0.12560903371566012,1.0
2626,0.00024967387577526574,0.8010692679436966,0.19893073205630324,0.9999999999999998
2627,0.0002581902090805907,0.6832278415719353,0.31677215842806483,1.0
2628,0.00024065905070975302,0.7972134147043658,0.20278658529563426,1.0
2629,0.0002399651279961903,0.8004342920418539,0.19956570795814618,1.0
2630,0.00022559165505332642,0.7692590861939737,0.2307409138060263,1.0
2631,0.0002498603814524333,0.7682882874904778,0.23171171250952222,1.0
2632,0.0002483541428741249,0.7329737144553808,0.26702628554461916,1.0
2633,0.00023831544914182493,0.8400019129580863,0.1599980870419137,1.0
2634,0.0002513952076802236,0.7393583701747071,0.260641629825293,1.0
2635,0.0002474206730594548,0.8591390500757774,0.1408609499242227,1.0
2636,0.0002531543649397038,0.6987221911200446,0.3012778088799554,1.0
2637,0.0002513416040384325,0.6886390342776285,0.31136096572237143,1.0
2638,0.00023911428439579496,0.6672505933993551,0.33274940660064495,1.0
2639,0.0002702194697539789,0.5751817123406567,0.42481828765934315,0.9999999999999999
2640,0.0002515668659492392,0.5736683528172962,0.4263316471827038,1.0
2641,0.00025035676235629525,0.7843783548246768,0.21562164517532334,1.0
2642,0.00026054162522931937,0.6588512043232739,0.34114879567672596,0.9999999999999999
2643,0.00022991376141646186,0.8355276718780227,0.16447232812197732,1.0
2644,0.00024952017001699434,0.8050697479417132,0.1949302520582869,1.0
2645,0.00026056844409917977,0.6264497125983826,0.3735502874016175,1.0
2646,0.0002482611433755196,0.8350887322937308,0.16491126770626913,1.0
2647,0.0002451133005563276,0.8105043350687935,0.18949566493120654,1.0
2648,0.00025920357605958556,0.6541748324789866,0.34582516752101344,1.0
2649,0.00024895460205692435,0.8106931209821611,0.189306879017839,1.0
2650,0.00023790291865484066,0.6866670398512611,0.31333296014873885,1.0
2651,0.0002506185591541463,0.7570706359525085,0.2429293640474916,1.0
2652,0.0002470961737219925,0.8348590320502753,0.16514096794972466,1.0
2653,0.00025040061795824844,0.6963076039962014,0.3036923960037986,1.0
2654,0.00027719309181691563,0.5138640351311394,0.48613596486886057,1.0
2655,0.0002546857454704965,0.6619979490507136,0.3380020509492864,1.0
2656,0.00025735231891849076,0.6835317485844074,0.31646825141559254,0.9999999999999999
2657,0.00024768693101604166,0.7772517822175418,0.2227482177824583,1.0
2658,0.00024688466279094897,0.7806029255471156,0.21939707445288442,1.0
2659,0.00025297338422189554,0.7478625335337991,0.2521374664662009,1.0
2660,0.00023507790047389766,0.8262340023419776,0.1737659976580224,1.0
2661,0.0002574497771859565,0.6837680712264048,0.3162319287735953,1.0
2662,0.0002472848132296292,0.7859586664767341,0.214041333523266,1.0
2663,0.00025835687953344494,0.6337330078124152,0.36626699218758496,1.0
2664,0.00026152406968636655,0.5920617543753565,0.4079382456246435,1.0
2665,0.0002472801860140535,0.8392113896471787,0.16078861035282133,1.0
2666,0.00024984425614501534,0.6752865985762568,0.32471340142374316,1.0
2667,0.00024964259112542796,0.82077624918543,0.17922375081456998,1.0
2668,0.0002597041974659148,0.6339986433293927,0.36600135667060735,1.0
2669,0.0002483408187802197,0.7159679171364322,0.28403208286356785,1.0
2670,0.00024376428793814175,0.8040314237671371,0.19596857623286287,1.0
2671,0.0002556958342338703,0.5992243297227823,0.4007756702772176,0.9999999999999999
2672,0.0002485863345275598,0.7823425635414927,0.21765743645850727,1.0
2673,0.0002477994562785822,0.7845201365422715,0.2154798634577286,1.0
2674,0.0002418157725943007,0.8226118634388214,0.17738813656117855,1.0
2675,0.0002509166120784509,0.7497835375976751,0.25021646240232476,0.9999999999999999
2676,0.00025625911760744397,0.7061570023736132,0.29384299762638694,1.0000000000000002
2677,0.00025366727465409516,0.7290268466909998,0.2709731533090001,1.0
2678,0.00023258406490180892,0.8214246265424872,0.17857537345751293,1.0
2679,0.0002568689694538636,0.7036394506287341,0.29636054937126577,0.9999999999999999
2680,0.0002567727164417337,0.6543618210889386,0.3456381789110614,1.0
2681,0.00025343470988613856,0.7342504110293085,0.2657495889706915,1.0
2682,0.0002504113510264578,0.7881867084799576,0.21181329152004233,1.0
2683,0.0002400876762087195,0.7428209580350595,0.25717904196494046,1.0
2684,0.00024594343096773674,0.8619588498479415,0.13804115015205864,1.0
2685,0.00025552919596373043,0.7020248052991651,0.29797519470083483,1.0
2686,0.00025432374935623997,0.73205821977302,0.2679417802269801,1.0
2687,0.0002530106640801796,0.7323673620690356,0.2676326379309643,1.0
2688,0.00023112260296292533,0.7429464143230824,0.25705358567691755,1.0
2689,0.00025124399259904864,0.7582642227980372,0.24173577720196293,1.0
2690,0.00022659818656884214,0.6886700934010415,0.3113299065989586,1.0
2691,0.00025070161920932263,0.7663786474855677,0.2336213525144323,1.0
2692,0.0002537612426773303,0.7005650428843362,0.2994349571156637,0.9999999999999999
2693,0.00024594493968119424,0.7751207751288136,0.22487922487118636,1.0
2694,0.0002711028528275199,0.5209984704798987,0.4790015295201012,0.9999999999999999
2695,0.0002490354838947972,0.8878772904338756,0.11212270956612436,1.0
2696,0.0002632180865204515,0.5831579395217737,0.4168420604782262,1.0
2697,0.0002482494436864929,0.8096772730984485,0.1903227269015515,1.0
2698,0.000262040997694984,0.6376370945827055,0.36236290541729466,1.0
2699,0.0002489969960118271,0.8648926730010733,0.13510732699892677,1.0
2700,0.00024894663492429906,0.6762186655995532,0.3237813344004467,1.0
2701,0.0002535951734064539,0.7007986556942774,0.29920134430572265,1.0
2702,0.00024668389200026346,0.8698076848842934,0.13019231511570653,0.9999999999999999
2703,0.0002589031655752957,0.6765642316330498,0.32343576836695026,1.0
2704,0.0002598929227580663,0.6628664641499386,0.33713353585006134,0.9999999999999999
2705,0.0002647756523886757,0.6161950127822938,0.3838049872177062,1.0
2706,0.0002621413792639153,0.6354660516861765,0.3645339483138235,1.0
2707,0.0002559402482616502,0.6542947504860784,0.3457052495139217,1.0
2708,0.00024712558634651355,0.8636406633933997,0.13635933660660024,1.0
2709,0.0002842831150429948,0.4627700984355805,0.5372299015644194,0.9999999999999999
2710,0.0002572982488630625,0.6542462027947821,0.3457537972052179,1.0
2711,0.00024695017979449587,0.7196987986483454,0.28030120135165465,1.0
2712,0.00025671703646020644,0.6990409400656507,0.30095905993434935,1.0
2713,0.000246995587936575,0.7651922876098511,0.23480771239014883,1.0
2714,0.000258610558926524,0.6730951786585667,0.3269048213414333,1.0
2715,0.00023717321910283622,0.7526373117867727,0.24736268821322735,1.0
2716,0.0002442757823875175,0.8271932564428294,0.17280674355717074,1.0
2717,0.00024955162732557797,0.7983632576362072,0.20163674236379295,1.0000000000000002
2718,0.00026924922502356873,0.48242862109427276,0.5175713789057271,0.9999999999999999
2719,0.00024390524874716798,0.8408343637696768,0.1591656362303232,1.0
2720,0.00024231182356010267,0.5768594982727785,0.4231405017272215,1.0
2721,0.0002652752111992393,0.5616332577586479,0.4383667422413521,1.0
2722,0.0002488879163160268,0.8864106586803691,0.113589341319631,1.0
2723,0.00026245673929240897,0.5664909284474217,0.4335090715525784,1.0
2724,0.00025195366028851583,0.7525588198691524,0.24744118013084757,1.0
2725,0.00025235435242482526,0.731668298104591,0.26833170189540906,1.0
2726,0.00023976394090124433,0.7687049334759849,0.2312950665240151,1.0
2727,0.000247272713342404,0.8526821384568571,0.14731786154314275,0.9999999999999999
2728,0.0002516064217949515,0.6673428191616889,0.3326571808383111,1.0
2729,0.0002488109118748313,0.8491114719592048,0.1508885280407951,0.9999999999999999
2730,0.000258576922026713,0.6336782671077292,0.36632173289227077,1.0
2731,0.0002477617286173559,0.8652325537964201,0.13476744620357994,1.0
2732,0.00026202845402570465,0.6253657881669215,0.3746342118330786,1.0
2733,0.00023756737574499143,0.7667260426535402,0.23327395734645984,1.0
2734,0.00025238619256420894,0.7134775318689471,0.286522468131053,1.0
2735,0.00024846650143126357,0.8239526296031384,0.17604737039686166,1.0
2736,0.0002563198461329801,0.6931168673438085,0.3068831326561915,1.0
2737,0.00023785359207340685,0.8232010716546158,0.1767989283453842,1.0
2738,0.00025768823445342673,0.6903134955462479,0.30968650445375207,1.0
2739,0.0002498663319356265,0.7767072337705716,0.22329276622942842,1.0
2740,0.00024335170450816163,0.7814075040655921,0.21859249593440788,1.0
2741,0.00024658365172195205,0.7241924317379116,0.2758075682620886,1.0000000000000002
2742,0.00025154621820463525,0.7220077035251026,0.27799229647489737,1.0
2743,0.000244560396315795,0.8327693740270645,0.1672306259729355,1.0
2744,0.00024395206958922292,0.8176134301025487,0.18238656989745136,1.0
2745,0.0002500410150893706,0.7275684282894266,0.27243157171057325,0.9999999999999998
2746,0.00024834002079197616,0.7797865621352424,0.22021343786475747,0.9999999999999999
2747,0.00025527916660095733,0.6800006892500806,0.31999931074991933,1.0
2748,0.00024010904893079365,0.805993826252099,0.19400617374790102,1.0
2749,0.0002509746307644108,0.7659356979224217,0.23406430207757836,1.0
2750,0.0002398579287013895,0.8001134168742512,0.19988658312574883,1.0
2751,0.00023362889856535192,0.7838918283603171,0.21610817163968285,1.0
2752,0.00025168939635989,0.7330015631346625,0.2669984368653374,0.9999999999999999
2753,0.00024447309393926835,0.803733498524912,0.19626650147508792,1.0
2754,0.0002490333664868271,0.7199051733940546,0.2800948266059455,1.0
2755,0.00025479596384792486,0.7232849056921237,0.27671509430787633,1.0
2756,0.00025982420722063813,0.649279060782584,0.35072093921741593,1.0
2757,0.00024113854178824042,0.8649866115753171,0.135013388424683,1.0
2758,0.0002493752853368314,0.7303070709365812,0.26969292906341874,1.0
2759,0.0002511449700217412,0.6697497566313355,0.3302502433686645,1.0
2760,0.00025273265212487713,0.9304645310750503,0.06953546892494966,1.0
2761,0.0002738772211233339,0.5061879891439385,0.49381201085606147,1.0
2762,0.0002480405006699604,0.5891959007911148,0.4108040992088852,1.0
2763,0.00026311498342198523,0.6229597763006729,0.377040223699327,0.9999999999999999
2764,0.0002560298621499504,0.6931293483759904,0.3068706516240096,1.0
2765,0.00023454349264795092,0.8356947293384416,0.1643052706615584,1.0
2766,0.0002559446608024473,0.7002413430142882,0.29975865698571186,1.0
2767,0.00027412434568342947,0.5368388115892202,0.4631611884107797,0.9999999999999999
2768,0.00025227013167932193,0.9540277866974242,0.04597221330257572,0.9999999999999999
2769,0.0002583684257284316,0.6780197870446549,0.3219802129553451,1.0
2770,0.00023648078814012165,0.6995708065117028,0.3004291934882973,1.0
2771,0.00024411656351368337,0.8642521350457568,0.13574786495424304,0.9999999999999999
2772,0.00025679499663259445,0.6622637935934219,0.33773620640657814,1.0
2773,0.0002565577483728631,0.6864474113169957,0.31355258868300434,1.0
2774,0.00024329605847415152,0.7904427118888697,0.20955728811113022,1.0
2775,0.00024701972468999195,0.7974030482327432,0.20259695176725676,1.0
2776,0.0002514110758739851,0.7884899238056717,0.2115100761943282,1.0
2777,0.0002477931426745121,0.7490662682693153,0.2509337317306848,1.0
2778,0.0002498585986561518,0.755252865403389,0.244747134596611,1.0
2779,0.00023947477308817374,0.7981370636905275,0.20186293630947247,1.0
2780,0.00025606970372963456,0.6793972887836014,0.32060271121639855,1.0
2781,0.00025182135484023315,0.7312198372588817,0.2687801627411183,1.0
2782,0.0002387117281265165,0.7794080566339067,0.2205919433660934,1.0
2783,0.00026643476056538825,0.603720985417575,0.39627901458242504,1.0
2784,0.0002507389950545569,0.9331113472557693,0.06688865274423078,1.0
2785,0.0002462358959046535,0.794202080328098,0.20579791967190186,0.9999999999999999
2786,0.0002506566628534987,0.7568469918611892,0.24315300813881086,1.0
2787,0.0002446862550119078,0.7579211945780018,0.24207880542199822,1.0
2788,0.00025101794627128374,0.7702929688615541,0.229707031138446,1.0
2789,0.00023460436084482046,0.7706812574160158,0.2293187425839842,1.0
2790,0.00025286493408406384,0.6237895615978254,0.37621043840217466,1.0
2791,0.00021496578770758464,0.8707565948865892,0.12924340511341081,1.0
2792,0.0002641385984060135,0.6179441310972795,0.3820558689027205,1.0
2793,0.00024965732055272165,0.8045867982595788,0.19541320174042123,1.0
2794,0.0002472636546181553,0.9083681326690117,0.09163186733098833,1.0
2795,0.0002666278475180954,0.605089728942676,0.39491027105732396,1.0
2796,0.0002477114926788644,0.824967871156767,0.17503212884323302,1.0
2797,0.000248666234239856,0.773776556622862,0.22622344337713787,0.9999999999999999
2798,0.0002479367018693258,0.7766190539299562,0.22338094607004375,1.0
2799,0.0002445851586633135,0.7723006393149862,0.2276993606850137,0.9999999999999999
2800,0.00025146077890207734,0.7458708100517331,0.254129189948267,1.0
2801,0.00025224021856394975,0.7378897797562218,0.2621102202437782,1.0
2802,0.00022042607456026537,0.7515492692230838,0.2484507307769161,1.0
2803,0.00024873719322751544,0.7628421000727091,0.2371578999272908,1.0
2804,0.00023580409045504045,0.6608776140896393,0.33912238591036076,1.0
2805,0.00024963577285298105,0.7007951649454763,0.2992048350545238,1.0
2806,0.00025562720439417923,0.7009579762769219,0.2990420237230781,1.0
2807,0.0002435891104917394,0.7057130919130599,0.29428690808693997,0.9999999999999998
2808,0.0002521630617597529,0.7519965101056354,0.2480034898943646,1.0
2809,0.00024431428479230327,0.8343790478728698,0.16562095212713032,1.0
2810,0.0002480812714178478,0.6500151570686101,0.3499848429313899,1.0
2811,0.0002495099156175733,0.7833165857379272,0.21668341426207283,1.0
2812,0.00023057055165411826,0.773593639872245,0.22640636012775495,1.0
2813,0.0002322931936173225,0.6849918284375848,0.3150081715624153,1.0
2814,0.0002498885506880134,0.8121779920264323,0.18782200797356768,1.0
2815,0.00024624875710040403,0.6749765892930797,0.32502341070692026,1.0
2816,0.0002537738900847984,0.7282718598315726,0.2717281401684274,1.0
2817,0.00023746752788919974,0.6655376868259828,0.33446231317401715,1.0
2818,0.00024915055793605593,0.7837710046959577,0.21622899530404238,1.0
2819,0.00025312086751704167,0.9405301584939013,0.0594698415060988,1.0
2820,0.0002857025534291468,0.4518088014511621,0.548191198548838,1.0
2821,0.0002518093610291621,0.9234387830266867,0.07656121697331326,1.0
2822,0.00026649161384899447,0.544097678409309,0.455902321590691,1.0
2823,0.00026555326819787046,0.5651887090795562,0.43481129092044385,1.0
2824,0.00024380233705060433,0.7569518845608073,0.24304811543919264,1.0
2825,0.000244567108353746,0.6864901860845181,0.31350981391548194,1.0
2826,0.0002501292885205917,0.7856756159294908,0.21432438407050924,1.0
2827,0.00024686318694085787,0.7249345883950505,0.2750654116049495,1.0
2828,0.0002501729873536301,0.7829990894514337,0.21700091054856632,1.0
2829,0.00024089477701236505,0.7399686759341535,0.26003132406584645,1.0
2830,0.0002507704995101012,0.7060887749137007,0.29391122508629935,1.0
2831,0.00024939766843136863,0.7357082063361489,0.2642917936638512,1.0
2832,0.0002473159640742926,0.7525191139908203,0.24748088600917958,0.9999999999999999
2833,0.00023552619481709776,0.8579559763937014,0.14204402360629867,1.0
2834,0.0002535185610505918,0.7309973730947532,0.26900262690524684,1.0
2835,0.00023063365929048847,0.8318789336540218,0.1681210663459783,1.0
2836,0.0002585055115871813,0.6721334291441943,0.32786657085580573,1.0
2837,0.0002267408234521963,0.8467039833660326,0.1532960166339674,1.0
2838,0.0002443721833575629,0.866106411472547,0.133893588527453,1.0
2839,0.00024624464447075585,0.7300283942584086,0.26997160574159135,1.0
2840,0.00024929142940809107,0.7678087929294969,0.232191207070503,0.9999999999999999
2841,0.00024883936276798817,0.7597054208069106,0.24029457919308933,1.0
2842,0.00025758586192723153,0.6461923815259978,0.3538076184740023,1.0
2843,0.00024701265317264153,0.8908410404431072,0.10915895955689267,0.9999999999999999
2844,0.00024556739935381437,0.7707732073380545,0.22922679266194543,1.0
2845,0.0002525385193888573,0.6895576267906159,0.3104423732093841,1.0
2846,0.0002493316724738597,0.909957317333453,0.09004268266654701,1.0
2847,0.0002597093074378722,0.6666446165317771,0.33335538346822274,0.9999999999999998
2848,0.0002613931117772017,0.6451709941048329,0.35482900589516697,0.9999999999999999
2849,0.00024567632036355395,0.8608577486390906,0.13914225136090935,1.0
2850,0.00024322104449621718,0.933449461531752,0.066550538468248,1.0
2851,0.00027053019032619046,0.5676783424942238,0.4323216575057763,1.0
2852,0.0002232473822888972,0.8439889540645813,0.15601104593541867,1.0
2853,0.0002550280500980443,0.7069421089327358,0.2930578910672644,1.0000000000000002
2854,0.00026774274989330084,0.5543747147120285,0.4456252852879716,1.0
2855,0.0002574357781103377,0.6536756825976052,0.3463243174023946,0.9999999999999998
2856,0.00024783989427480435,0.8268603843671054,0.17313961563289448,0.9999999999999999
2857,0.0002440957236388734,0.7239487608767176,0.2760512391232824,1.0
2858,0.00026220262798990883,0.6115012153517714,0.3884987846482287,1.0
2859,0.0002506591274252942,0.7929002552930448,0.20709974470695533,1.0
2860,0.0002514054809944617,0.7601636759805067,0.2398363240194933,1.0
2861,0.00025913688257768545,0.45847161827178184,0.5415283817282183,1.0
2862,0.0002414131363914546,0.9003402969774013,0.0996597030225988,1.0
2863,0.000262604484787069,0.5823497311544966,0.4176502688455034,1.0
2864,0.0002613341339835513,0.5851320647463782,0.41486793525362187,1.0
2865,0.0002519035901135056,0.772286134119388,0.22771386588061207,1.0
2866,0.000278012869223438,0.5000558826610797,0.49994411733892025,1.0
2867,0.00022989507662049327,0.8696659667703582,0.1303340332296418,1.0
2868,0.00025885562194069193,0.6551976577663455,0.34480234223365436,0.9999999999999999
2869,0.00021984696924195817,0.8047064478923256,0.19529355210767443,1.0
2870,0.000259883717413277,0.671633658311793,0.3283663416882071,1.0
2871,0.00023630109477925886,0.7749512973712155,0.2250487026287845,1.0
2872,0.00022877192112815838,0.838585837082707,0.161414162917293,1.0
2873,0.0002623495114503987,0.6376093320007786,0.36239066799922137,1.0
2874,0.000262025709349465,0.6426197610109157,0.3573802389890844,1.0
2875,0.0002471538564643796,0.759749186721529,0.24025081327847084,0.9999999999999999
2876,0.0002449482355731522,0.7895357174487116,0.21046428255128827,0.9999999999999999
2877,0.0002590251151955383,0.659421389951927,0.34057861004807305,1.0
2878,0.00024796482311090613,0.6482070143605638,0.3517929856394362,1.0
2879,0.00024523492020463487,0.8313153741488385,0.16868462585116142,0.9999999999999999
2880,0.00024598115464695566,0.6121858463188211,0.38781415368117883,1.0
2881,0.0002472991521137663,0.8183568196384159,0.18164318036158406,1.0
2882,0.00025443194490192727,0.6735783449975018,0.3264216550024983,1.0
2883,0.0002532397877188028,0.734678151718826,0.2653218482811739,0.9999999999999999
2884,0.0002346399763288714,0.8336933980002418,0.16630660199975825,1.0
2885,0.0002486647495539718,0.8336352126256044,0.16636478737439553,0.9999999999999999
2886,0.00024505872333454936,0.7207053680942069,0.2792946319057932,1.0
2887,0.00024819772259413575,0.7589035666136278,0.24109643338637207,0.9999999999999999
2888,0.00024846469239596364,0.7548679193287159,0.24513208067128406,1.0
2889,0.0002456660119826648,0.7745420480615343,0.22545795193846585,1.0
2890,0.00026022832900083384,0.6477418843692163,0.35225811563078374,1.0
2891,0.0002460377032016433,0.707801245771859,0.29219875422814107,1.0
2892,0.00024723122987835495,0.8943527646830113,0.10564723531698883,1.0
2893,0.0002431394397807984,0.7139587457041601,0.28604125429584,1.0
2894,0.00026128393432783923,0.6444215218590618,0.3555784781409383,1.0
2895,0.0002359014536065364,0.9062735446952863,0.09372645530471369,1.0
2896,0.0002673374843926837,0.5921683932228703,0.40783160677712965,1.0
2897,0.0002474107531919998,0.9148917464459831,0.08510825355401681,1.0
2898,0.0002785462233337626,0.5027750518800748,0.4972249481199252,1.0
2899,0.0002448289746921887,0.8843654245937183,0.11563457540628178,1.0
2900,0.0002324190912196578,0.8505435422007122,0.14945645779928787,1.0
2901,0.00026162996839715515,0.6385314472032926,0.3614685527967073,0.9999999999999999
2902,0.0002515639623624286,0.683113361557447,0.3168866384425531,1.0
2903,0.0002486702741169444,0.756699014686094,0.24330098531390612,1.0000000000000002
2904,0.00024254537969511266,0.6917733478294467,0.3082266521705533,1.0
2905,0.0002496105731213164,0.8091373293950875,0.19086267060491244,1.0
2906,0.00023100290214815594,0.8750296695526479,0.12497033044735203,1.0
2907,0.0002601954933636468,0.6229646235781161,0.37703537642188384,1.0
2908,0.00025274015013214315,0.756172671446686,0.24382732855331413,1.0
2909,0.0002370668820548995,0.8838803732821505,0.11611962671784959,1.0
2910,0.000230537727511671,0.6830218044467018,0.3169781955532982,1.0
2911,0.000261709517065548,0.6453453450566641,0.3546546549433361,1.0000000000000002
2912,0.0002523841162807289,0.7499839452586659,0.2500160547413342,1.0
2913,0.00024162015656057652,0.7084297192952449,0.29157028070475516,1.0
2914,0.0002568402344553635,0.7001111749707988,0.2998888250292011,0.9999999999999999
2915,0.00025522497572900326,0.7159999455182275,0.2840000544817725,1.0
2916,0.0002432663662601091,0.7483860801023989,0.25161391989760107,1.0
2917,0.0002521056789951602,0.7421125847139279,0.257887415286072,1.0
2918,0.00023479764587338228,0.7420620069785553,0.25793799302144477,1.0
2919,0.0002523835608819572,0.7516818329475584,0.2483181670524417,1.0
2920,0.00025392189967585963,0.7053054413397737,0.2946945586602265,1.0000000000000002
2921,0.0002468276138237892,0.6929962210803788,0.30700377891962116,1.0
2922,0.00024939812653002264,0.8169002414525378,0.18309975854746213,1.0
2923,0.00024060666532005605,0.8887363330355269,0.11126366696447315,1.0
2924,0.000262749783707524,0.6391793990782403,0.3608206009217597,1.0
2925,0.0002384449409022759,0.8240121389255062,0.17598786107449377,1.0
2926,0.00023928394114220507,0.7689489406772979,0.23105105932270212,1.0
2927,0.00025411587029927683,0.7246448620104293,0.2753551379895706,1.0
2928,0.0002395914764142747,0.7940111771959275,0.2059888228040725,1.0
2929,0.00025902398737885754,0.6328771967486276,0.3671228032513725,1.0
2930,0.0002555092030953209,0.6655173577922912,0.3344826422077089,1.0
2931,0.00024461072511764825,0.8336612488723512,0.16633875112764884,1.0
2932,0.0002413673079918271,0.7448953442524511,0.255104655747549,1.0
2933,0.00024728824399142095,0.75215375515516,0.24784624484483997,1.0
2934,0.0002494856447913824,0.7470217140206654,0.2529782859793346,1.0
2935,0.00024541247873795187,0.7101841205250927,0.2898158794749074,1.0
2936,0.00024815164206478947,0.7246015477512503,0.27539845224874976,1.0
2937,0.00025065561931351623,0.7327686194960416,0.26723138050395845,1.0
2938,0.00024802176440190935,0.7638825310709585,0.23611746892904142,0.9999999999999999
2939,0.0002391507646804286,0.8020325789729883,0.19796742102701165,1.0
2940,0.000251106829163641,0.7843821876697619,0.21561781233023825,1.0
2941,0.00024837030845541777,0.8932490974345728,0.10675090256542706,0.9999999999999999
2942,0.00026669588453414353,0.5953587619863063,0.4046412380136936,1.0
2943,0.0002464331811148236,0.7601397010069936,0.23986029899300648,1.0
2944,0.0002525367414042759,0.7550419694751755,0.24495803052482448,1.0
2945,0.00023805534048890553,0.8461258035940324,0.15387419640596756,1.0
2946,0.00026415748455127383,0.5659221670193884,0.43407783298061153,0.9999999999999999
2947,0.00024175473094359127,0.7274781140421684,0.27252188595783144,0.9999999999999999
2948,0.0002586267318909367,0.6798634252321502,0.32013657476784996,1.0
2949,0.00023671192937916907,0.8619336584322985,0.13806634156770145,1.0
2950,0.0002624014034405742,0.6356437275265607,0.3643562724734392,1.0
2951,0.0002541507632471968,0.6667700745042335,0.3332299254957665,1.0
2952,0.00024278821904665543,0.8491672616316357,0.15083273836836422,0.9999999999999999
2953,0.00027837599027991057,0.5034763890366203,0.49652361096337977,1.0
2954,0.00022543471632802679,0.8629870819320058,0.13701291806799415,1.0
2955,0.000255303753684411,0.7168335082787823,0.28316649172121766,1.0
2956,0.00025873046300295465,0.6801243285179641,0.31987567148203583,1.0
2957,0.0002395255901491948,0.8166306926731487,0.18336930732685122,0.9999999999999999
2958,0.0002449720290588848,0.8896580825323999,0.1103419174676002,1.0
2959,0.0002678154366652119,0.5725291588596044,0.42747084114039546,0.9999999999999999
2960,0.0002621890305135284,0.64536373870518,0.35463626129482007,1.0
2961,0.0002526106939361727,0.7252857988561915,0.27471420114380857,1.0
2962,0.00022780621387065336,0.7997994058443921,0.20020059415560792,1.0
2963,0.00025838185511545687,0.677576729425083,0.32242327057491693,0.9999999999999999
2964,0.00023755373076475884,0.8418669939489559,0.15813300605104408,1.0
2965,0.00024593077276010493,0.8692875602681777,0.1307124397318223,1.0
2966,0.00025045740443289835,0.7920928957964963,0.20790710420350372,1.0
2967,0.00024042482548168527,0.8487656130413239,0.15123438695867608,1.0
2968,0.0002603681351469082,0.6495992939396436,0.35040070606035645,1.0
2969,0.00021363715242003498,0.8723396124313587,0.12766038756864134,1.0
2970,0.0002578145662933721,0.6335331948559888,0.36646680514401125,1.0
2971,0.0002620973608187897,0.6388670839848701,0.36113291601512987,1.0
2972,0.0002322183108355449,0.9015923735950204,0.09840762640497956,1.0
2973,0.00025441857589630917,0.7196329497443383,0.2803670502556616,1.0
2974,0.0002496146453191714,0.7941600206478918,0.20583997935210818,1.0
2975,0.0002445119394843079,0.7458610043296813,0.2541389956703189,1.0000000000000002
2976,0.00025051932734978323,0.7903022128018492,0.20969778719815071,0.9999999999999999
2977,0.00025147376223432486,0.7429445261138302,0.2570554738861698,1.0
2978,0.00023032598211454946,0.8578460122722404,0.14215398772775964,1.0
2979,0.00025413913965923303,0.6966751182856719,0.3033248817143281,1.0
2980,0.0002459282697722923,0.716351102416325,0.283648897583675,1.0
2981,0.00024748002962603563,0.7918384352561818,0.2081615647438181,0.9999999999999999
2982,0.00025387456151888354,0.671930565733579,0.32806943426642093,1.0
2983,0.0002487746024756454,0.866032658424885,0.1339673415751151,1.0
2984,0.00024846938633657484,0.6957139077629766,0.3042860922370235,1.0
2985,0.00024934565810493154,0.7801670238217513,0.2198329761782488,1.0
2986,0.0002556559842942281,0.7133464122424051,0.28665358775759475,0.9999999999999999
2987,0.0002401173208270095,0.8077983426583573,0.19220165734164282,1.0
2988,0.0002552528692616316,0.7187508018118006,0.28124919818819943,1.0
2989,0.00025135809613901626,0.6882651334747242,0.3117348665252758,1.0
2990,0.00024963617156730655,0.7475302387036207,0.2524697612963794,1.0
2991,0.00024996713259661953,0.7704294113050443,0.22957058869495567,1.0
2992,0.0002486746876092683,0.7953799607335282,0.20462003926647168,0.9999999999999999
2993,0.0002457266796485405,0.8597761544197509,0.14022384558024917,1.0
2994,0.00025165930076430284,0.9219626248491837,0.07803737515081625,0.9999999999999999
2995,0.0002725236381890452,0.498104994509395,0.5018950054906051,1.0
2996,0.00025129030075555614,0.7856091990131957,0.21439080098680433,1.0
2997,0.0002578200978495841,0.674776906092789,0.325223093907211,1.0
2998,0.00024144103728853517,0.7590966579397563,0.2409033420602437,1.0
2999,0.0002579507547256162,0.635910555815735,0.36408944418426514,1.0
3000,0.00024924403083589083,0.8874427239640551,0.11255727603594494,1.0
3001,0.00024780107760608217,0.8422648756283663,0.15773512437163373,1.0
3002,0.0002474101878870797,0.8313608517849189,0.16863914821508103,1.0
3003,0.0002492672813591067,0.7764961587480649,0.223503841251935,0.9999999999999999
3004,0.00026301808573132537,0.5871616492440753,0.4128383507559248,1.0
3005,0.0002575298198652656,0.6804555461063175,0.31954445389368247,1.0
3006,0.0002454947310688642,0.7601915608072137,0.23980843919278638,1.0
3007,0.000250272497014341,0.7813008498479952,0.21869915015200486,1.0
3008,0.0002504506069935804,0.7551705937387351,0.24482940626126498,1.0
3009,0.0002544787440885183,0.6596092724483069,0.34039072755169325,1.0000000000000002
3010,0.00025124429501785246,0.6623276786961507,0.33767232130384933,1.0
3011,0.0002561152181364506,0.6697392958647904,0.3302607041352096,1.0
3012,0.0002474317588426626,0.7883814176993413,0.21161858230065872,1.0
3013,0.0002550971389035135,0.7190048568903572,0.28099514310964285,1.0
3014,0.00024703777283438733,0.8922147706394286,0.10778522936057135,0.9999999999999999
3015,0.0002582367317779568,0.663403547578729,0.336596452421271,1.0
3016,0.0002594388172408818,0.6658303181725757,0.33416968182742424,0.9999999999999999
3017,0.00025195241671025533,0.7443115018886474,0.2556884981113527,1.0
3018,0.00025723651655996477,0.6819680885325102,0.3180319114674899,1.0
3019,0.00024105701060221163,0.8290091163793232,0.17099088362067685,1.0
3020,0.0002594935072598295,0.666335991414546,0.33366400858545414,1.0000000000000002
3021,0.0002708825989464761,0.5651863288376933,0.4348136711623067,1.0
3022,0.0002890190494248237,0.4286715921980986,0.5713284078019015,1.0
3023,0.00028384540206952705,0.4645077594562685,0.5354922405437315,1.0
3024,0.000247873598563509,0.8235780039729991,0.17642199602700082,0.9999999999999999
3025,0.00027952189835293395,0.49748656410463493,0.5025134358953651,1.0
3026,0.0002569920008006679,0.6600789039755846,0.33992109602441545,1.0
3027,0.0002657696374104999,0.6098228611005356,0.3901771388994644,1.0
3028,0.00023668523847488542,0.8181441902858602,0.18185580971413987,1.0
3029,0.0002342363415730589,0.8845091148573405,0.11549088514265952,1.0
3030,0.00025676020949999323,0.6986702732748116,0.30132972672518843,1.0
3031,0.0002514323350856051,0.7560600338189726,0.24393996618102742,1.0
3032,0.00025299416900348496,0.7482681229645191,0.2517318770354809,1.0
3033,0.0002468546839330804,0.7986197506441566,0.2013802493558434,1.0
3034,0.00022576801488824328,0.7979756014583268,0.2020243985416732,1.0
3035,0.0002519006140490321,0.7031530463725373,0.29684695362746266,1.0
3036,0.00024385346228384994,0.7646113001400086,0.23538869985999153,1.0
3037,0.0002490130364313471,0.8121789832346828,0.18782101676531715,1.0
3038,0.0002310185722636155,0.7962302461579082,0.20376975384209184,1.0
3039,0.0002530749034405376,0.747817957894178,0.252182042105822,1.0
3040,0.0002295588088103504,0.8106309337107979,0.18936906628920205,0.9999999999999999
3041,0.0002502893156307856,0.7165778176004397,0.2834221823995604,1.0
3042,0.0002480763964231416,0.8794003040046845,0.12059969599531546,1.0
3043,0.0002677453168080809,0.5878067460347002,0.4121932539652998,1.0
3044,0.00025109332251183595,0.7570140009412534,0.24298599905874665,1.0
3045,0.00023350395912589514,0.7905808580096921,0.20941914199030792,1.0
3046,0.00025696096807535635,0.6904775934058766,0.30952240659412344,1.0
3047,0.00024165054917952368,0.9021562831314205,0.09784371686857943,0.9999999999999999
3048,0.0002475292174421552,0.706704344401956,0.293295655598044,1.0
3049,0.000229916954115525,0.6960739145756965,0.3039260854243036,1.0
3050,0.0002604741549640432,0.6573639607297692,0.3426360392702308,1.0
3051,0.0002586808983380197,0.6541029805251151,0.345897019474885,1.0
3052,0.0002614042163324003,0.6203155865739567,0.37968441342604325,1.0
3053,0.00025206626847060833,0.7284465065433798,0.2715534934566201,1.0
3054,0.00023505439573617536,0.858792231397661,0.14120776860233905,1.0
3055,0.0002529979067980338,0.7150859186378773,0.28491408136212265,1.0
3056,0.00025361256756270333,0.6939502956914325,0.3060497043085675,1.0
3057,0.00023394767023878787,0.793604873328352,0.2063951266716481,1.0
3058,0.0002368669850384216,0.8008568662326411,0.19914313376735884,0.9999999999999999
3059,0.0002529504654220047,0.6974479439106321,0.3025520560893678,1.0
3060,0.0002486252345656142,0.8168636273851215,0.1831363726148785,1.0
3061,0.00024692309078224085,0.7020284847186083,0.2979715152813916,1.0
3062,0.000248601806604397,0.89115206195449,0.10884793804550993,1.0
3063,0.00025981949744772716,0.6293880711332697,0.37061192886673044,1.0
3064,0.00024999275524916875,0.7849496002000907,0.21505039979990928,1.0
3065,0.0002463217606439747,0.8662423518979371,0.133757648102063,1.0
3066,0.0002449848334803601,0.7663600694108154,0.23363993058918459,1.0
3067,0.00022368526540730705,0.7899113715218857,0.21008862847811435,1.0
3068,0.00025454267197682105,0.694987790596564,0.30501220940343604,1.0
3069,0.0002481153415365844,0.8719494414255003,0.12805055857449973,1.0
3070,0.00026390022080037946,0.4883769386296965,0.5116230613703037,1.0000000000000002
3071,0.0002484088206559312,0.8506720636742309,0.14932793632576905,0.9999999999999999
3072,0.00025691691422608057,0.6854976037566745,0.31450239624332554,1.0
3073,0.00028373128409101965,0.45225455973155676,0.5477454402684433,1.0
3074,0.00026245925190986963,0.6361146365404562,0.3638853634595438,1.0
3075,0.00025183062366864676,0.708245230270818,0.29175476972918185,0.9999999999999998
3076,0.00024669542360478554,0.816234632370277,0.18376536762972293,1.0
3077,0.000251774383714189,0.7209512752441865,0.27904872475581366,1.0
3078,0.00026067401650226295,0.6228385196762924,0.3771614803237075,1.0
3079,0.0002469504720157554,0.8869238018519615,0.1130761981480384,0.9999999999999999
3080,0.00025340143962933407,0.6430314720658712,0.35696852793412875,1.0
3081,0.0002475971538458038,0.8533387684138327,0.14666123158616734,1.0
3082,0.0002471506755774893,0.7689001711360354,0.23109982886396466,1.0
3083,0.00024783984116860495,0.8057898691402368,0.1942101308597632,1.0
3084,0.00025262765023101563,0.746307478330309,0.253692521669691,1.0
3085,0.00025189353976303537,0.7669872573148772,0.23301274268512293,1.0
3086,0.0002524493940001999,0.7538359458657503,0.24616405413424985,1.0000000000000002
3087,0.00026050471762818723,0.6599674696413903,0.3400325303586097,1.0
3088,0.00022881320412117563,0.8340302884134807,0.1659697115865193,1.0
3089,0.000249526809356651,0.7343381848407459,0.2656618151592541,1.0
3090,0.00024999402293404005,0.744030930444001,0.25596906955599896,1.0
3091,0.0002465769073157583,0.791765571047011,0.20823442895298905,1.0
3092,0.00022914214459467634,0.7291027042576556,0.2708972957423444,1.0
3093,0.0002301598229794624,0.7949554639507084,0.20504453604929154,0.9999999999999999
3094,0.0002642232498564198,0.6246515996588285,0.3753484003411715,1.0
3095,0.000254477737425843,0.723348781973936,0.27665121802606407,1.0
3096,0.00023443246752714836,0.7247589808422982,0.27524101915770177,1.0
3097,0.00025749770557328185,0.6868765427838819,0.3131234572161181,1.0
3098,0.0002585884282492857,0.6804384947341385,0.31956150526586147,1.0
3099,0.0002447257526445215,0.8147488695367068,0.18525113046329317,1.0
3100,0.00024529054964427454,0.8090092628421771,0.19099073715782278,0.9999999999999999
3101,0.0002808628768855518,0.4584042426324933,0.5415957573675066,1.0
3102,0.0002563676436033096,0.9681303514758677,0.03186964852413232,1.0
3103,0.00025896069867358933,0.6522973640686123,0.3477026359313878,1.0
3104,0.0002523895137253664,0.7514033895494042,0.24859661045059567,0.9999999999999999
3105,0.0002559464721053252,0.6967961260447089,0.3032038739552912,1.0
3106,0.00027656562002514065,0.5008267153399195,0.49917328466008043,1.0
3107,0.00022131212313174749,0.8143091108958382,0.18569088910416176,1.0
3108,0.0002432995587410775,0.8933781180638591,0.10662188193614076,0.9999999999999999
3109,0.00025198976408120915,0.7186051356657935,0.2813948643342064,1.0
3110,0.0002511721853207412,0.771695231910332,0.22830476808966793,0.9999999999999999
3111,0.00022889628559382411,0.8686381000991218,0.13136189990087815,1.0
3112,0.0002533850857239442,0.7286125550244467,0.2713874449755534,1.0
3113,0.00024334247453083088,0.7512668193534064,0.24873318064659358,1.0
3114,0.00023502478870316912,0.7560292535322842,0.24397074646771577,1.0
3115,0.0002566439886754018,0.6909009251407974,0.30909907485920246,0.9999999999999998
3116,0.00022660958516313576,0.8081356802977521,0.19186431970224788,1.0
3117,0.0002541949653471453,0.7290494792478616,0.2709505207521385,1.0
3118,0.00024367469769011967,0.8359588192425067,0.16404118075749333,1.0
3119,0.0002579010661686464,0.691504708391299,0.3084952916087011,1.0
3120,0.000242724897569922,0.7372126560950849,0.26278734390491504,1.0
3121,0.0002381402512676176,0.8343728726770392,0.16562712732296078,1.0
3122,0.00025989246755755003,0.6084047772723016,0.3915952227276984,1.0
3123,0.0002522163309267503,0.6272765025923274,0.37272349740767263,1.0
3124,0.00024636910028462194,0.8455551897176803,0.15444481028231963,0.9999999999999999
3125,0.00024928838887881523,0.7750574361338066,0.22494256386619346,1.0
3126,0.0002478351524935399,0.8485163497546068,0.15148365024539323,1.0
3127,0.00025071624567945026,0.9206101831225528,0.07938981687744724,1.0
3128,0.00025840542833648923,0.6791773569225271,0.32082264307747294,1.0
3129,0.00023944426827221868,0.8452859180529967,0.15471408194700337,1.0
3130,0.00024732960835455734,0.8851308651706845,0.11486913482931557,1.0
3131,0.0002572674896612314,0.6298012926748474,0.3701987073251526,1.0
3132,0.00024777277367297947,0.7065467984160528,0.2934532015839471,1.0
3133,0.00024809996582324896,0.8180599284392907,0.18194007156070932,1.0
3134,0.00024893861420656883,0.8096632457454842,0.19033675425451577,1.0
3135,0.00024879460233223215,0.8910576291998773,0.10894237080012267,1.0
3136,0.00022832292498589724,0.6780238761755959,0.32197612382440416,1.0
3137,0.00023055776925101079,0.6684847288616449,0.3315152711383551,1.0
3138,0.00026161767215368396,0.5882183838592445,0.41178161614075565,1.0000000000000002
3139,0.0002529063777692627,0.6967195732408528,0.30328042675914735,1.0
3140,0.00025804932479752665,0.6547537244256584,0.34524627557434157,1.0
3141,0.00024409229825572636,0.861154628087524,0.13884537191247595,0.9999999999999999
3142,0.00023527661657064247,0.820263694426202,0.1797363055737981,1.0
3143,0.0002574536275146448,0.6812996921580562,0.3187003078419438,1.0
3144,0.0002528123715654822,0.7487129598143775,0.2512870401856227,1.0000000000000002
3145,0.0002518965647814381,0.7447924548960858,0.255207545103914,0.9999999999999998
3146,0.00022601120467459493,0.7360146728714628,0.2639853271285372,1.0
3147,0.00023116341071971244,0.8354227932623587,0.16457720673764126,1.0
3148,0.00025629004371870314,0.7050820518150506,0.2949179481849494,1.0
3149,0.0002559887168700544,0.709337497881289,0.290662502118711,1.0
3150,0.00023068997827198955,0.8139144079482588,0.18608559205174124,1.0
3151,0.000237391024052009,0.8187215405007454,0.18127845949925453,1.0
3152,0.00024174727718111072,0.782457104172416,0.2175428958275841,1.0
3153,0.00025100580352962484,0.7870603145507992,0.2129396854492008,1.0
3154,0.0002366450033486204,0.6333735185210072,0.3666264814789927,0.9999999999999999
3155,0.0002512154737997863,0.7310509018784843,0.2689490981215158,1.0
3156,0.0002476237916788317,0.6797259260055527,0.3202740739944473,1.0
3157,0.0002521169012440627,0.7595936699541728,0.2404063300458272,1.0
3158,0.00024927145827541335,0.6717502780627959,0.3282497219372042,1.0
3159,0.00026225965900862375,0.6029118905798422,0.39708810942015776,1.0
3160,0.00026155595917435107,0.6351196590643018,0.36488034093569816,1.0
3161,0.0002595917201504177,0.6540007376274287,0.34599926237257134,1.0
3162,0.0002492928418954775,0.7420428722566865,0.25795712774331353,1.0
3163,0.00024751062896184397,0.7702411661919009,0.22975883380809917,1.0
3164,0.0002490212761811549,0.9376126878081202,0.06238731219187981,1.0
3165,0.00024457333397614713,0.8016889593380362,0.19831104066196384,1.0
3166,0.0002481516720052418,0.6293425058457451,0.37065749415425475,0.9999999999999999
3167,0.0002505436285086153,0.7577656574743558,0.2422343425256442,1.0
3168,0.00025454579174565895,0.7274634955523164,0.2725365044476835,0.9999999999999999
3169,0.00024210539723886433,0.77498075209946,0.2250192479005399,1.0
3170,0.00025323988343119034,0.7447171824576148,0.25528281754238535,1.0
3171,0.00023822607087414945,0.7246020109848882,0.27539798901511187,1.0
3172,0.0002497703420691749,0.7616083717723062,0.23839162822769372,1.0
3173,0.00025460837790821235,0.730840400216793,0.2691595997832071,1.0
3174,0.00025433687484016144,0.714460245202464,0.285539754797536,1.0
3175,0.00023442886637532582,0.7590241872384704,0.2409758127615296,1.0
3176,0.0002531054544074696,0.7249869782674024,0.2750130217325977,1.0
3177,0.0002498234334136727,0.7325745983471681,0.2674254016528318,0.9999999999999999
3178,0.0002497754311595816,0.7875571285085957,0.2124428714914044,1.0
3179,0.00024064157330167235,0.9138308554475126,0.08616914455248739,1.0
3180,0.00026692834564279,0.5586949115502379,0.4413050884497622,1.0
3181,0.00024815677788267876,0.7533990657772821,0.24660093422271795,1.0
3182,0.00023976566999752116,0.7783204090745244,0.22167959092547554,0.9999999999999999
3183,0.00024640103566164794,0.7413304056362444,0.25866959436375564,1.0
3184,0.00023988631628768883,0.644406953199107,0.355593046800893,1.0
3185,0.00024450368556189715,0.8590449535306878,0.1409550464693122,1.0
3186,0.00022939206168863505,0.9356697206105336,0.06433027938946646,1.0
3187,0.00025395936255747525,0.7317664698110594,0.26823353018894064,1.0
3188,0.00025873812215527375,0.6719529235528074,0.32804707644719266,1.0
3189,0.00026847088060846097,0.5856596288128199,0.4143403711871802,1.0
3190,0.00027150193364742847,0.5613759430853191,0.4386240569146809,1.0
3191,0.0002382677178015028,0.9061593466560373,0.09384065334396273,1.0
3192,0.00026393004550318857,0.5975706106621149,0.402429389337885,1.0
3193,0.0002583055268354757,0.6268652812416061,0.37313471875839394,1.0
3194,0.00025466321068419565,0.7169011229312243,0.28309887706877557,0.9999999999999999
3195,0.00025555897335094663,0.6618973440074472,0.3381026559925529,1.0
3196,0.0002597591810851133,0.5999307068941531,0.4000692931058469,1.0
3197,0.00026756884885881173,0.5907137103831598,0.40928628961684016,1.0
3198,0.0002634448066803743,0.6294019207162124,0.3705980792837876,1.0
3199,0.0002429178785283708,0.7510008638441629,0.24899913615583716,1.0
3200,0.00024310381700289838,0.7938558841406883,0.20614411585931183,1.0000000000000002
3201,0.00025194929992900883,0.7379496599133446,0.26205034008665534,1.0
3202,0.00024248215580656405,0.7913974508644701,0.20860254913552984,1.0
3203,0.00025424923775966646,0.7120469243630121,0.2879530756369879,1.0
3204,0.00024656516459815295,0.7110507470621189,0.28894925293788115,1.0
3205,0.00024680497517140043,0.7927289135972988,0.20727108640270112,0.9999999999999999
3206,0.00023008839400818755,0.8509507811840564,0.14904921881594357,1.0
3207,0.0002495010775641554,0.8785998640482146,0.1214001359517854,1.0
3208,0.00024945906132991223,0.8461239166075747,0.1538760833924253,1.0
3209,0.00025289639120965567,0.7356524436306894,0.2643475563693107,1.0
3210,0.0002571242930533359,0.7010999875249919,0.298900012475008,1.0
3211,0.00026401113129152185,0.6298246241703768,0.3701753758296233,1.0
3212,0.00026329610338188817,0.6332704092354893,0.3667295907645107,1.0
3213,0.00023813658521718538,0.6814278397836416,0.31857216021635837,1.0
3214,0.00025400738683290154,0.7385064218656564,0.2614935781343437,1.0
3215,0.0002616205058877974,0.6087610988644646,0.3912389011355354,1.0
3216,0.0002516742594516294,0.9289887609355827,0.0710112390644172,0.9999999999999999
3217,0.0002549326417105262,0.6374938925568905,0.3625061074431095,1.0
3218,0.00027847369983543277,0.5020805281956222,0.4979194718043778,1.0
3219,0.00027096276489215664,0.5537716399310094,0.4462283600689907,1.0
3220,0.00026321434622459934,0.6246999359340687,0.3753000640659313,1.0
3221,0.0002442676910053087,0.8754253515455177,0.12457464845448224,1.0
3222,0.00025998453757851984,0.6182740472657212,0.38172595273427884,1.0
3223,0.00025370088370672004,0.5776715126356636,0.4223284873643363,1.0
3224,0.00024175591086502457,0.8191970631333484,0.1808029368666517,1.0
3225,0.00023647183214558644,0.8404662611089426,0.15953373889105732,1.0
3226,0.0002291404627374482,0.8571597863128846,0.1428402136871154,1.0
3227,0.00022992954571347978,0.8528856702425428,0.14711432975745714,1.0
3228,0.0002496152789379433,0.6609380266280448,0.33906197337195526,1.0
3229,0.00024029712480861943,0.8633859990862892,0.13661400091371081,1.0
3230,0.00025844763576766494,0.6850506789523353,0.3149493210476646,0.9999999999999999
3231,0.0002549547686343524,0.7118240894731004,0.2881759105268996,1.0
3232,0.00024741414189889617,0.85314890536487,0.1468510946351301,1.0
3233,0.0002450735397480162,0.7781926307306501,0.22180736926934985,1.0
3234,0.00024808448932684915,0.7865214253224475,0.21347857467755238,0.9999999999999999
3235,0.00023907951362401062,0.8732286563721993,0.12677134362780076,1.0
3236,0.00026403614849861834,0.6176065599499663,0.38239344005003373,1.0
3237,0.00024826544770030625,0.8539850350019356,0.14601496499806438,1.0
3238,0.0002506686688392393,0.6015159689925147,0.3984840310074852,0.9999999999999999
3239,0.0002518610144248504,0.6545047976758536,0.3454952023241465,1.0
3240,0.00026261825660761704,0.5924861946741324,0.4075138053258677,1.0
3241,0.0002628969769027167,0.613220656026397,0.386779343973603,1.0
3242,0.00025254813792708757,0.7047534789520856,0.29524652104791443,1.0
3243,0.0002581821490504885,0.6800514888122923,0.3199485111877077,1.0
3244,0.00025013548561272025,0.6506182726970137,0.3493817273029864,1.0
3245,0.000248134019079408,0.8648625268698088,0.13513747313019125,1.0
3246,0.00025065945322266147,0.776026295459078,0.2239737045409221,1.0
3247,0.00024021616437323916,0.716394634525609,0.2836053654743911,1.0
3248,0.0002489261122517838,0.7365206405209136,0.26347935947908635,1.0
3249,0.0002505338619624939,0.7786777241829871,0.22132227581701291,1.0
3250,0.00024937814211942373,0.811608581674434,0.18839141832556608,1.0
3251,0.0002567639591892052,0.6812927549346148,0.31870724506538517,1.0
3252,0.00022818354176011048,0.7568490777064998,0.24315092229350027,1.0
3253,0.0002480056443793918,0.8278317732133602,0.17216822678663984,1.0
3254,0.0002504502554479578,0.7689389032524159,0.23106109674758415,1.0
3255,0.00025594064065780325,0.6533559186271749,0.34664408137282515,1.0
3256,0.00027194329153765824,0.532751354676028,0.467248645323972,1.0
3257,0.00027746348319438634,0.5060421499714916,0.4939578500285083,0.9999999999999998
3258,0.00028298430021560906,0.4729818815022152,0.5270181184977848,1.0
3259,0.0002520882298066738,0.9409983904566135,0.05900160954338653,1.0
3260,0.00026641952465252975,0.6025151640977694,0.3974848359022305,0.9999999999999999
3261,0.00024944188548991727,0.7808673350321633,0.2191326649678367,1.0
3262,0.0002538586604259038,0.7195026705450481,0.28049732945495176,0.9999999999999999
3263,0.0002599208255539034,0.6263661799805724,0.3736338200194275,1.0
3264,0.0002517976136306631,0.7469423945079643,0.25305760549203565,1.0
3265,0.00025097391220698533,0.7761688612921769,0.2238311387078231,1.0
3266,0.00023729967113169436,0.8801605228979029,0.11983947710209707,1.0
3267,0.000251055486796384,0.7804632230078662,0.2195367769921337,0.9999999999999999
3268,0.00024166860054012122,0.8389509953483946,0.1610490046516055,1.0
3269,0.00026612594634555176,0.6113024644469663,0.3886975355530335,0.9999999999999998
3270,0.00023138671025781424,0.7326930274086876,0.2673069725913124,1.0
3271,0.00024778959783086624,0.8449197153058852,0.1550802846941148,1.0
3272,0.00024280219373360226,0.8118677327647218,0.18813226723527818,1.0
3273,0.00024849196661512154,0.7513517050865776,0.24864829491342244,1.0
3274,0.0002491137508969205,0.8185723309380246,0.1814276690619754,1.0
3275,0.0002492600306400048,0.676146869985283,0.32385313001471705,1.0
3276,0.0002488565103217006,0.8235376181763912,0.1764623818236089,1.0
3277,0.0002465702376742036,0.6577290691698551,0.3422709308301448,0.9999999999999999
3278,0.00024726394665058844,0.6827167088214747,0.31728329117852533,1.0
3279,0.0002510668685025492,0.7538303062050765,0.24616969379492348,1.0
3280,0.00023504780073434694,0.5626906884620074,0.43730931153799263,1.0
3281,0.00024844411307977824,0.7142833153113969,0.285716684688603,0.9999999999999999
3282,0.0002487520296032538,0.8204597855072158,0.1795402144927842,1.0
3283,0.0002496790358965849,0.8057870133285321,0.19421298667146797,1.0
3284,0.00025332578516988396,0.7320625728411405,0.2679374271588595,1.0
3285,0.0002426540330131106,0.8529426100672264,0.14705738993277365,1.0
3286,0.00025619362939990404,0.6758202339829212,0.32417976601707865,0.9999999999999999
3287,0.00025621395555208573,0.7049506917874959,0.295049308212504,1.0
3288,0.0002512799608653529,0.7550117517248054,0.24498824827519455,1.0
3289,0.00024208785502076598,0.8108761673002252,0.18912383269977473,0.9999999999999999
3290,0.00023104104948485987,0.8575876341353469,0.14241236586465306,1.0
3291,0.0002597035412696367,0.6441129334143872,0.3558870665856127,1.0
3292,0.00023992349863539332,0.8921205430330315,0.1078794569669686,1.0
3293,0.0002442431852708363,0.8754535828116992,0.1245464171883008,1.0
3294,0.0002476304733877707,0.7209449506201179,0.27905504937988207,1.0
3295,0.00023023546717735417,0.8780543226468872,0.12194567735311279,1.0
3296,0.00026432057219048295,0.6212965005700601,0.3787034994299398,1.0
3297,0.0002505771736048003,0.8053405645453509,0.19465943545464912,1.0
3298,0.00024244752641581886,0.6993573770813315,0.30064262291866856,1.0
3299,0.0002471191554825517,0.8249457314673687,0.17505426853263126,1.0
3300,0.00023657262168400565,0.6869319504575576,0.31306804954244233,1.0
3301,0.00025409776863079405,0.727260366604825,0.272739633395175,1.0
3302,0.00023856055315941093,0.7591279695072998,0.2408720304927003,1.0
3303,0.0002514588939443713,0.7457496057115154,0.2542503942884846,1.0
3304,0.00024032029731851587,0.7181715869142921,0.28182841308570805,1.0
3305,0.0002515398190933466,0.7488717157800634,0.2511282842199366,1.0
3306,0.0002462927971584275,0.772342908807414,0.227657091192586,1.0
3307,0.0002541526824703281,0.7140872739453779,0.28591272605462204,0.9999999999999999
3308,0.0002594391407173249,0.6183887152758882,0.38161128472411165,0.9999999999999999
3309,0.000271280705558507,0.5561785201432733,0.4438214798567267,1.0
3310,0.0002594071235828848,0.6663332176331438,0.33366678236685615,1.0
3311,0.0002370148299540215,0.8845081711482645,0.11549182885173542,1.0
3312,0.00023096614373575096,0.8963740385152704,0.10362596148472956,1.0
3313,0.0002554206685882398,0.6991566597541716,0.3008433402458284,1.0
3314,0.00024876527745767345,0.7924309664772642,0.20756903352273584,1.0
3315,0.00025087302649588766,0.7916543773562293,0.20834562264377074,1.0
3316,0.0002553930504550843,0.6758475839515697,0.32415241604843026,1.0
3317,0.00024319306184684882,0.7310916967844698,0.26890830321553016,1.0
3318,0.00023818128120235173,0.8409208487762797,0.15907915122372027,1.0
3319,0.0002592022560876363,0.6691243774242868,0.3308756225757132,1.0
3320,0.0002427543950917629,0.8789082819795099,0.12109171802049017,1.0
3321,0.00025255833491908764,0.7188111948040089,0.281188805195991,0.9999999999999999
3322,0.00024569768882818185,0.724980866252809,0.27501913374719095,1.0
3323,0.00026287361294518376,0.6150213218068653,0.3849786781931346,0.9999999999999999
3324,0.00025058869426307877,0.6990119706363214,0.3009880293636785,0.9999999999999999
3325,0.00025985215623992587,0.6592804987997983,0.34071950120020167,1.0
3326,0.00023665403644218847,0.6226026965714626,0.3773973034285374,1.0
3327,0.00024865172404078844,0.8360390885557852,0.1639609114442147,1.0
3328,0.000248596961942669,0.8034504219551974,0.19654957804480264,1.0
3329,0.00023653766907757404,0.7404926028681044,0.25950739713189563,1.0
3330,0.0002475018204764196,0.8124851674324397,0.18751483256756019,0.9999999999999999
3331,0.000245772788241796,0.7542170388106361,0.24578296118936396,1.0
3332,0.00024301425291854177,0.8188319153044802,0.18116808469551993,1.0
3333,0.0002490729054579198,0.7076045267094176,0.2923954732905823,1.0
3334,0.0002530465642735425,0.7334577394773321,0.26654226052266783,0.9999999999999999
3335,0.00023212721855335675,0.8385818522707557,0.16141814772924437,1.0
3336,0.00026191782746499466,0.6437201411365508,0.3562798588634492,1.0
3337,0.00024033107398322787,0.8329253605741207,0.16707463942587933,1.0
3338,0.00024041551809933726,0.7492176044873876,0.2507823955126124,1.0
3339,0.00026490991145838605,0.616956460071483,0.38304353992851703,1.0
3340,0.0002474724580442077,0.6472605538387228,0.3527394461612771,1.0
3341,0.0002490366732790163,0.779549147124533,0.22045085287546695,1.0
3342,0.0002508287011671321,0.7290483863636791,0.27095161363632075,0.9999999999999998
3343,0.00024779778302291155,0.7700218992410439,0.229978100758956,0.9999999999999999
3344,0.0002451476034395633,0.7835554723343812,0.21644452766561892,1.0
3345,0.0002519211709772755,0.6923377644062115,0.3076622355937884,1.0
3346,0.0002483176163564463,0.7706224161748279,0.2293775838251722,1.0
3347,0.0002444100333006563,0.840532883698225,0.15946711630177504,1.0
3348,0.00025071989965059956,0.6680602450806683,0.33193975491933153,0.9999999999999998
3349,0.00024084709494601067,0.842875204565126,0.1571247954348741,1.0
3350,0.0002391696161030149,0.9171262660201503,0.08287373397984961,1.0
3351,0.00023497182732595164,0.8272880418655184,0.1727119581344815,0.9999999999999999
3352,0.00023760825989327283,0.8158008599707893,0.18419914002921076,1.0
3353,0.00025341334412967356,0.7027677933250686,0.2972322066749315,1.0
3354,0.0002500275660845895,0.7832462455024106,0.2167537544975893,0.9999999999999999
3355,0.0002506506258454237,0.7783863005956299,0.2216136994043702,1.0
3356,0.0002446894321738634,0.813623184500621,0.18637681549937898,1.0
3357,0.0002472271773100408,0.8433882902395737,0.1566117097604262,1.0
3358,0.00025340448218602883,0.7365701748483708,0.26342982515162916,1.0
3359,0.00024947138029119363,0.8169731813525564,0.1830268186474436,1.0
3360,0.00022548697039208543,0.76163403857887,0.23836596142113,1.0
3361,0.00025074115747482714,0.763539274543164,0.23646072545683602,1.0
3362,0.00025250221962094295,0.7416759550780697,0.25832404492193034,1.0
3363,0.00025152968247210114,0.7401163955326662,0.2598836044673338,1.0
3364,0.00023782086970867904,0.8342083249000145,0.16579167509998552,1.0
3365,0.0002641690469424918,0.5983400356288214,0.4016599643711786,1.0
3366,0.0002582473589727561,0.6354658498659366,0.3645341501340633,0.9999999999999999
3367,0.0002611761578824361,0.6468188803418013,0.35318111965819865,1.0
3368,0.0002590238736592936,0.6653501713659428,0.3346498286340571,0.9999999999999999
3369,0.0002489241586202246,0.865725527392175,0.13427447260782494,1.0
3370,0.00025944470724433607,0.6349162051908894,0.3650837948091105,1.0
3371,0.0002615649972416242,0.6124725891833557,0.3875274108166443,1.0
3372,0.00025929959988691716,0.6075578785297141,0.39244212147028584,1.0
3373,0.00026153026451463296,0.5556002699298619,0.444399730070138,0.9999999999999999
3374,0.00024896817505647156,0.7861388218118711,0.21386117818812891,1.0
3375,0.00024875723380619424,0.8308275301788761,0.16917246982112386,1.0
3376,0.00024240397038667014,0.6617709511478347,0.33822904885216537,1.0
3377,0.0002441698367969419,0.808331292593511,0.19166870740648917,1.0000000000000002
3378,0.0002391156809991677,0.8730602552880393,0.12693974471196065,1.0
3379,0.0002538331653432174,0.7307627961268872,0.26923720387311284,1.0
3380,0.00023046388523885247,0.8063574804111818,0.19364251958881815,1.0
3381,0.0002534101353988661,0.7337629070005249,0.266237092999475,1.0
3382,0.00025318870727625243,0.739737908247427,0.26026209175257303,1.0
3383,0.0002490762778236114,0.8047239140720778,0.19527608592792214,0.9999999999999999
3384,0.00024257813534542247,0.6354789681780635,0.3645210318219364,0.9999999999999999
3385,0.00023716480553147686,0.8360133025687968,0.16398669743120314,1.0
3386,0.0002500205935852344,0.6745124995388063,0.3254875004611936,1.0
3387,0.00024548015424571544,0.8719279171543095,0.12807208284569044,1.0
3388,0.00024676115574806887,0.7824369976146613,0.21756300238533868,1.0
3389,0.0002503891843633997,0.9198836091082004,0.08011639089179953,1.0
3390,0.00024551599292227464,0.8365058705596627,0.16349412944033728,1.0
3391,0.00025656534154098386,0.703398100512664,0.2966018994873359,1.0
3392,0.00022867122255259398,0.7939553064969924,0.20604469350300758,1.0
3393,0.00022865974909616556,0.8555363167305814,0.14446368326941858,1.0
3394,0.00023506672603196816,0.8437881951020964,0.15621180489790368,1.0
3395,0.0002572828905857832,0.6838071992660472,0.3161928007339527,0.9999999999999998
3396,0.00025357480213349825,0.6915275785542102,0.3084724214457897,0.9999999999999999
3397,0.00023942302573463144,0.7874763344972223,0.21252366550277763,1.0
3398,0.00024249346199933596,0.844888264144979,0.15511173585502092,0.9999999999999999
3399,0.00025383917417860986,0.6965050909961759,0.3034949090038241,1.0
3400,0.0002365255186818649,0.8136167271116984,0.1863832728883016,1.0
3401,0.00023966299193677908,0.7705976916684685,0.22940230833153163,1.0
3402,0.00025051783978393094,0.7776429531695159,0.22235704683048418,1.0
3403,0.00025399408821458316,0.7227681936091864,0.2772318063908135,1.0
3404,0.00024849136999433084,0.8194618203671274,0.18053817963287266,1.0
3405,0.0002533945254847342,0.6062069327906177,0.3937930672093822,0.9999999999999998
3406,0.00024037822009626475,0.6244139709945494,0.37558602900545063,1.0
3407,0.000247480275156605,0.8222235209822217,0.17777647901777813,0.9999999999999999
3408,0.00025441355612811534,0.716922667722179,0.2830773322778209,1.0
3409,0.0002596071662230483,0.6630232347301971,0.33697676526980297,1.0
3410,0.00022476636718452703,0.6277933944936319,0.3722066055063681,1.0
3411,0.00024849724578006864,0.7463184522378948,0.2536815477621052,1.0
3412,0.000252067052321199,0.7471157592285715,0.25288424077142846,1.0
3413,0.00024941658639847966,0.8052228396241732,0.19477716037582693,1.0
3414,0.00025089514883173833,0.7506613277543042,0.24933867224569597,1.0000000000000002
3415,0.00026420534807108616,0.6186380191844345,0.3813619808155655,1.0
3416,0.0002487536244069621,0.9277946845110302,0.07220531548896972,0.9999999999999999
3417,0.0002749108461688111,0.5206359322763356,0.47936406772366424,0.9999999999999999
3418,0.00024655968220873464,0.8876803318080967,0.11231966819190334,1.0
3419,0.0002450514835965231,0.7316710692490486,0.2683289307509514,1.0
3420,0.00024482217801577504,0.7524879594565346,0.24751204054346534,0.9999999999999999
3421,0.00024252749593293082,0.7728401381244372,0.22715986187556275,1.0
3422,0.0002510938561942096,0.781134472837312,0.21886552716268806,1.0
3423,0.0002463378391976284,0.6994582312468219,0.30054176875317795,0.9999999999999999
3424,0.00025316189272851276,0.7333764410776409,0.26662355892235917,1.0
3425,0.00023497489433859658,0.782524209313791,0.21747579068620906,1.0
3426,0.0002553696509005625,0.7145262238314689,0.2854737761685312,1.0
3427,0.00024899956013168135,0.8355053109470406,0.1644946890529594,1.0
3428,0.00022858580068129127,0.7950932040554598,0.2049067959445402,1.0
3429,0.00025380660398126526,0.7356019651398158,0.26439803486018415,1.0
3430,0.00025451728576170277,0.7142497472051348,0.28575025279486516,1.0
3431,0.00024807891035620876,0.7959031285619844,0.20409687143801564,1.0
3432,0.0002556846644762139,0.7085420898995591,0.2914579101004409,1.0
3433,0.00025417663561475397,0.7266016579652783,0.2733983420347217,1.0
3434,0.00024039420049961588,0.8763081060915493,0.12369189390845066,1.0
3435,0.0002445723190658819,0.7366099914764186,0.2633900085235815,1.0
3436,0.0002736159352998571,0.528007306117235,0.4719926938827651,1.0
3437,0.00024212029928113394,0.6864027310427873,0.3135972689572127,1.0
3438,0.000259527953352859,0.6589231717905206,0.3410768282094793,1.0
3439,0.00026565178960576147,0.6093515737007303,0.3906484262992695,0.9999999999999998
3440,0.00025403798289305447,0.7201387121224525,0.27986128787754755,1.0
3441,0.0002580958595712228,0.6690439938301679,0.3309560061698321,1.0
3442,0.0002654794308505718,0.5762971191039645,0.42370288089603547,1.0
3443,0.0002475885614629154,0.8870867360870723,0.11291326391292769,1.0
3444,0.0002661964972430377,0.6004145827563416,0.39958541724365837,1.0
3445,0.00023360486523537195,0.8490542224872158,0.15094577751278407,0.9999999999999999
3446,0.00024087323200887515,0.7258983909090989,0.2741016090909011,1.0
3447,0.0002431148983893026,0.8603855008188384,0.13961449918116153,0.9999999999999999
3448,0.0002575260420808149,0.646052097316481,0.3539479026835189,1.0
3449,0.00025727897963954673,0.6899885899948793,0.31001141000512067,1.0
3450,0.00024285128601496235,0.8909775139244002,0.10902248607559978,1.0
3451,0.0002377060693805996,0.8154481057526968,0.18455189424730317,1.0
3452,0.00025338877181976235,0.7357634668713537,0.26423653312864626,1.0
3453,0.00025439443386139415,0.7060700922957075,0.2939299077042925,1.0
3454,0.00024481658489161634,0.8838892189360597,0.11611078106394043,1.0
3455,0.0002557762414160637,0.7073950713394869,0.29260492866051313,1.0
3456,0.0002480264088944905,0.7563762531280602,0.24362374687193972,1.0
3457,0.00021605830319798743,0.7200227709719372,0.2799772290280629,1.0
3458,0.00022011642320613072,0.7831709628958636,0.21682903710413634,1.0
3459,0.0002534465124797872,0.6678309352171962,0.33216906478280395,1.0
3460,0.00024887713386817273,0.8687873357719967,0.13121266422800315,0.9999999999999999
3461,0.0002510590834010064,0.7832878233508987,0.2167121766491013,1.0
3462,0.00025536516696837453,0.6705829916188284,0.32941700838117166,1.0
3463,0.0002570025865114923,0.6172258652769812,0.38277413472301886,1.0
3464,0.0002507474164305177,0.7411376777001321,0.25886232229986794,1.0
3465,0.0002504497750676198,0.6599334230669531,0.34006657693304676,0.9999999999999999
3466,0.000259463067000289,0.6038770456850688,0.3961229543149311,1.0
3467,0.0002499631881554522,0.7499474719404129,0.25005252805958705,1.0
3468,0.00024771655229272434,0.702798447240988,0.29720155275901206,1.0
3469,0.00027235547670876654,0.5460473206435978,0.4539526793564021,1.0
3470,0.000245889571802601,0.7947321881423882,0.20526781185761175,1.0
3471,0.00024961118482150256,0.7121326478212524,0.28786735217874754,1.0
3472,0.00025796168219061077,0.6097606399918455,0.3902393600081545,1.0
3473,0.00024889640565209885,0.893600193219561,0.10639980678043895,0.9999999999999999
3474,0.0002609661834065763,0.6568312063268504,0.3431687936731495,1.0
3475,0.0002477418958035075,0.7403873328074972,0.25961266719250287,1.0
3476,0.0002578199045519537,0.6811726488855521,0.31882735111444804,1.0
3477,0.0002517069520580945,0.7747684734013636,0.22523152659863635,0.9999999999999999
3478,0.0002506417643547698,0.7979024180188231,0.20209758198117686,1.0
3479,0.0002492264524787492,0.9062842246262491,0.09371577537375073,0.9999999999999999
3480,0.0002511576855595285,0.9039039235356321,0.09609607646436788,1.0
3481,0.0002465200873675396,0.810519018151518,0.18948098184848203,1.0
3482,0.00026591442308247353,0.6090159952598779,0.390984004740122,1.0
3483,0.0002740118800040173,0.506487730639136,0.49351226936086395,1.0
3484,0.0002477891668051445,0.8521827064856319,0.1478172935143681,1.0
3485,0.0002499264504450758,0.8043816313512833,0.19561836864871682,1.0
3486,0.0002500924348805015,0.669060235515978,0.330939764484022,1.0
3487,0.00024967621670627705,0.8232197563469066,0.1767802436530933,0.9999999999999999
3488,0.00023630672874492387,0.8233690305275342,0.17663096947246582,1.0
3489,0.00026018572102862696,0.6066256032660229,0.39337439673397706,1.0
3490,0.00025488852238611775,0.7218574949218306,0.2781425050781694,1.0
3491,0.0002593299768778794,0.6077526861038868,0.3922473138961133,1.0
3492,0.0002586441397824346,0.6552142916484958,0.34478570835150435,1.0
3493,0.00025261078691247513,0.7376436317995184,0.2623563682004817,1.0
3494,0.00024464562274931375,0.8625468754200855,0.13745312457991452,1.0
3495,0.00025100858924734183,0.7746868250177004,0.22531317498229955,0.9999999999999999
3496,0.0002444327588740536,0.685774330417188,0.3142256695828119,1.0
3497,0.00024851048385600487,0.8481537221503618,0.15184627784963814,0.9999999999999999
3498,0.0002504254354725814,0.6501414125342823,0.34985858746571774,1.0
3499,0.00028167666098021703,0.48073018478194585,0.5192698152180542,1.0
3500,0.0002422174969474586,0.9074532808141501,0.09254671918584988,1.0
3501,0.0002527658132144893,0.6867312919924439,0.313268708007556,0.9999999999999999
3502,0.00024592925852348873,0.6918316444582496,0.3081683555417505,1.0
3503,0.0002452831877791172,0.8452786767095738,0.15472132329042634,1.0000000000000002
3504,0.00023860610137883053,0.7349172245704155,0.26508277542958447,1.0
3505,0.00024341127025062168,0.8839665957149448,0.11603340428505515,1.0
3506,0.0002561686172736332,0.6818131856848061,0.3181868143151938,0.9999999999999999
3507,0.00026404291003610586,0.6091456387234547,0.39085436127654516,0.9999999999999999
3508,0.0002441457297039905,0.8558393122399024,0.14416068776009747,0.9999999999999999
3509,0.000265310467989728,0.6134961868633624,0.38650381313663773,1.0
3510,0.0002300540448962094,0.8328665374520852,0.16713346254791486,1.0
3511,0.0002461361157909795,0.830947889912749,0.16905211008725105,1.0
3512,0.00024602166359828176,0.8788497003173669,0.1211502996826332,1.0
3513,0.0002541758875412247,0.6949380559616393,0.3050619440383606,0.9999999999999999
3514,0.0002500358462217754,0.7741055333459916,0.22589446665400842,1.0
3515,0.0002634332413323296,0.6308904925597048,0.3691095074402952,1.0
3516,0.00023883172612281984,0.8713850368723176,0.1286149631276823,0.9999999999999999
3517,0.00024324670509128158,0.8815515984707398,0.11844840152926021,1.0
3518,0.0002627723727173615,0.6319858382144475,0.3680141617855525,1.0
3519,0.000237345870224394,0.8919897020444847,0.1080102979555153,1.0
3520,0.00026292211521485866,0.6347731884173383,0.3652268115826618,1.0
3521,0.00023982470878397354,0.7554302635986271,0.24456973640137294,1.0
3522,0.00025336632137371837,0.7281664048608165,0.2718335951391835,1.0
3523,0.0002758685338331886,0.5124057560630151,0.4875942439369849,1.0
3524,0.00024889055763622467,0.8908155405287443,0.10918445947125559,0.9999999999999999
3525,0.0002578185643985409,0.6249069987120792,0.37509300128792084,1.0
3526,0.00025579738162273823,0.6638590372666968,0.3361409627333032,1.0
3527,0.0002444901452697468,0.7743557332874518,0.22564426671254814,0.9999999999999999
3528,0.00024190667186656904,0.834382240794893,0.16561775920510705,1.0
3529,0.000256025669664731,0.71070737270382,0.28929262729617994,1.0
3530,0.0002427553179640728,0.8717703544471181,0.12822964555288183,1.0
3531,0.00024357055410485686,0.7249599490133036,0.2750400509866965,1.0
3532,0.000251860250460677,0.743370998829588,0.256629001170412,1.0
3533,0.000248313329994671,0.8398096093148482,0.16019039068515195,1.0
3534,0.0002556474021605387,0.6579150381185664,0.34208496188143345,0.9999999999999999
3535,0.0002473711350211928,0.8234088294096561,0.17659117059034382,0.9999999999999999
3536,0.00023728038757015731,0.76944381155454,0.23055618844546003,1.0
3537,0.00025961231946734374,0.6620855174142506,0.33791448258574935,1.0
3538,0.00025305733130840584,0.754798768145771,0.24520123185422915,1.0
3539,0.00026454277845797656,0.611637775367912,0.3883622246320881,1.0
3540,0.00023970187552404182,0.7510351465597557,0.24896485344024435,1.0
3541,0.0002522154088845004,0.7351756003860004,0.2648243996139996,1.0
3542,0.00026185651039656,0.634403839705701,0.3655961602942991,1.0
3543,0.0002478321718578422,0.8936407349800799,0.10635926501992016,1.0
3544,0.0002446686585586272,0.8821633950690376,0.11783660493096244,1.0
3545,0.00024315095591117587,0.895348137021573,0.10465186297842691,0.9999999999999999
3546,0.0002693233942605817,0.5795446074256492,0.42045539257435094,1.0
3547,0.0002525485599423581,0.7152986179921593,0.2847013820078406,1.0
3548,0.0002444542964782926,0.9478096336123154,0.0521903663876847,1.0
3549,0.0002875638517499907,0.4287128819492779,0.571287118050722,0.9999999999999999
3550,0.00024560224094423026,0.7561313757046684,0.24386862429533157,1.0
3551,0.0002539132256009132,0.7301460506230785,0.2698539493769216,1.0
3552,0.0002648603468012221,0.617492983538646,0.3825070164613541,1.0
3553,0.00023002572269807618,0.9126349091277944,0.08736509087220558,1.0
3554,0.00024220320215314318,0.6782483225185307,0.3217516774814694,1.0
3555,0.00026515223658602947,0.607066631888396,0.392933368111604,1.0
3556,0.00024154494343844342,0.8654677591469168,0.1345322408530832,1.0
3557,0.00024544180270166485,0.8991829845008059,0.10081701549919415,1.0
3558,0.0002617446029454122,0.6404333010697244,0.3595666989302756,1.0
3559,0.00024811516232704317,0.8974405927513329,0.10255940724866716,1.0
3560,0.0002752637209709404,0.525370107237609,0.4746298927623911,1.0
3561,0.0002643833096152004,0.6016155346962047,0.39838446530379545,1.0
3562,0.0002493692335711778,0.7874712023997484,0.21252879760025162,1.0
3563,0.00024235278704490314,0.7305784301794596,0.2694215698205404,1.0
3564,0.0002465291881115058,0.747776261260023,0.252223738739977,1.0
3565,0.0002497338342118832,0.7677437424020347,0.2322562575979653,1.0
3566,0.0002611587718105418,0.6478859791215165,0.35211402087848365,1.0
3567,0.00026735167965109006,0.5899593834288117,0.41004061657118834,1.0
3568,0.00023847489642752815,0.9058286540772553,0.09417134592274466,1.0
3569,0.0002627132164110687,0.6125719271813984,0.3874280728186015,0.9999999999999999
3570,0.0002409799867880021,0.858290240978742,0.14170975902125807,1.0
3571,0.00026202179300518466,0.6418172234305274,0.3581827765694726,1.0
3572,0.00023808462620785074,0.8168072215191673,0.18319277848083262,0.9999999999999999
3573,0.00025515150117068667,0.6807164115819718,0.31928358841802823,1.0
3574,0.00022952086326744072,0.7213600309877498,0.2786399690122502,1.0
3575,0.0002514032143347882,0.7716741515874914,0.22832584841250844,0.9999999999999999
3576,0.0002464994822253334,0.8060048404907667,0.1939951595092334,1.0
3577,0.00025316566956941637,0.7154340585704735,0.2845659414295266,1.0
3578,0.00025170365167696406,0.7170278048880447,0.28297219511195526,1.0
3579,0.0002505891283179445,0.7828623332834993,0.21713766671650073,1.0
3580,0.00024825346611689815,0.85836848245179,0.14163151754821016,1.0000000000000002
3581,0.00025519641111374294,0.6895705665927708,0.31042943340722934,1.0000000000000002
3582,0.00024306581269434036,0.8415131918247324,0.1584868081752676,1.0
3583,0.00024916796701543985,0.7648445420877837,0.23515545791221618,0.9999999999999999
3584,0.0002487407044980943,0.7786886774260118,0.2213113225739882,1.0
3585,0.00024010341467777002,0.7768545217734472,0.22314547822655278,1.0
3586,0.00022515818121277904,0.9209467426814227,0.07905325731857724,1.0
3587,0.0002608595212087308,0.6348826044708474,0.3651173955291526,1.0
3588,0.0002215990023902411,0.7469708855493881,0.253029114450612,1.0
3589,0.00022127639026590075,0.795863673665859,0.204136326334141,1.0
3590,0.00023274977554158148,0.7781850022836567,0.22181499771634328,1.0
3591,0.00024827179096390396,0.8319515849866214,0.16804841501337853,0.9999999999999999
3592,0.0002597741433289882,0.656961172084389,0.34303882791561113,1.0
3593,0.000235879562076402,0.7692935697567735,0.23070643024322648,1.0
3594,0.00023227708254859694,0.667259978022605,0.33274002197739505,1.0
3595,0.00026941057991442696,0.5820442909024385,0.4179557090975615,1.0
3596,0.00023577586866484296,0.9152135740169132,0.08478642598308678,1.0
3597,0.00024564007338268544,0.80545075345517,0.19454924654482986,0.9999999999999999
3598,0.0002417682893733356,0.686048516315359,0.31395148368464093,1.0
3599,0.0002480864693655029,0.7987337420128684,0.20126625798713157,1.0
3600,0.0002495111135775693,0.688241218273365,0.31175878172663507,1.0
3601,0.00024898007086905183,0.8286267175380834,0.1713732824619165,0.9999999999999999
3602,0.00025080883949752563,0.7077948076040332,0.2922051923959668,1.0
3603,0.00025372227956221963,0.6691661560087676,0.3308338439912325,1.0
3604,0.000247428513561779,0.8615608679151381,0.13843913208486194,1.0
3605,0.0002445670594256661,0.8516547877465127,0.14834521225348735,1.0
3606,0.000246227760618317,0.6653367512393874,0.3346632487606127,1.0
3607,0.0002539357794037271,0.7291297154365135,0.2708702845634865,1.0
3608,0.0002530785395914834,0.7509092565745548,0.24909074342544538,1.0000000000000002
3609,0.0002577890669110991,0.6839995770425492,0.31600042295745073,1.0
3610,0.00024586805813217344,0.8350024222810726,0.1649975777189275,1.0
3611,0.0002551082580882911,0.6850198998822298,0.3149801001177703,1.0
3612,0.00025647672090871467,0.6563523972502259,0.3436476027497742,1.0
3613,0.000253259307821484,0.7430726426347688,0.25692735736523126,1.0
3614,0.0002539752028577271,0.7119308950043137,0.2880691049956864,1.0
3615,0.0002548961558214839,0.7081251504041626,0.2918748495958373,0.9999999999999999
3616,0.0002572040031543328,0.6840907443792038,0.31590925562079614,1.0
3617,0.00025030904597414945,0.7225050017199867,0.2774949982800133,1.0
3618,0.000245725315759954,0.8140110857952896,0.18598891420471056,1.0000000000000002
3619,0.0002313334609532896,0.8000771309853102,0.19992286901468986,1.0
3620,0.0002611278815509775,0.6486393601649709,0.3513606398350291,1.0
3621,0.00023859868119234325,0.88101228328568,0.1189877167143199,1.0
3622,0.0002449074766091126,0.8322350392221874,0.16776496077781253,1.0
3623,0.00024251033235433335,0.8077378162685155,0.19226218373148457,1.0
3624,0.0002523087668403918,0.7144628355454391,0.2855371644545608,0.9999999999999999
3625,0.00024563571515736114,0.7547038360810898,0.24529616391891032,1.0000000000000002
3626,0.0002442174503327513,0.7975767408057842,0.2024232591942158,1.0
3627,0.0002481339352171373,0.8610169975104024,0.1389830024895975,0.9999999999999999
3628,0.00023559278651409424,0.7982955454728384,0.20170445452716163,1.0
3629,0.000266116911866387,0.583624286998938,0.41637571300106196,1.0
3630,0.00025494535793993027,0.7156089618438064,0.2843910381561936,1.0
3631,0.00024539667065772477,0.8608096834546631,0.1391903165453367,0.9999999999999998
3632,0.00025447013883605525,0.7013135111084857,0.29868648889151433,1.0
3633,0.00023974097522650397,0.7827489602193012,0.21725103978069893,1.0
3634,0.0002406748478110162,0.8556738567586678,0.14432614324133222,1.0
3635,0.00024749246048189755,0.7686445705018861,0.23135542949811397,1.0
3636,0.00025622619785538574,0.7085342445945694,0.29146575540543074,1.0
3637,0.00025688608323591784,0.7014799302947332,0.2985200697052667,0.9999999999999999
3638,0.00024340236070467597,0.8597087504147201,0.1402912495852799,1.0
3639,0.00023433219343975864,0.90031960840478,0.09968039159522002,1.0
3640,0.0002544528381379431,0.6920064890129742,0.30799351098702576,1.0
3641,0.00023576819416123415,0.8616132234115185,0.13838677658848159,1.0
3642,0.0002568980314169487,0.6874249184227929,0.3125750815772071,1.0
3643,0.0002492642104241647,0.8203322672257846,0.17966773277421547,1.0
3644,0.0002531364608429775,0.7264005335963504,0.27359946640364974,1.0
3645,0.0002533635594332456,0.7430293868152729,0.2569706131847272,1.0
3646,0.0002355662801288094,0.7953796588508559,0.20462034114914415,1.0
3647,0.00023903582323407638,0.7091241049806764,0.2908758950193237,1.0
3648,0.0002475419315882092,0.8141785182299464,0.18582148177005375,1.0
3649,0.0002460382856273328,0.8230448751112078,0.17695512488879211,1.0
3650,0.00022485025942638263,0.7511174792510135,0.24888252074898662,1.0
3651,0.00023884906583250496,0.7701977564793377,0.2298022435206622,1.0
3652,0.0002517279383992944,0.7577724004299128,0.24222759957008722,1.0
3653,0.00024424077037491946,0.8752190337994907,0.12478096620050917,0.9999999999999999
3654,0.000264879973582031,0.5944673610534303,0.40553263894656966,1.0
3655,0.00026832736363129533,0.5463694017456171,0.45363059825438296,1.0
3656,0.00026617542228570516,0.5806817693336888,0.4193182306663113,1.0
3657,0.00024512981626838813,0.8735413880474812,0.12645861195251892,1.0
3658,0.00025823230641507935,0.6763296978978386,0.3236703021021615,1.0
3659,0.00023933552491388894,0.8407579528590486,0.15924204714095133,1.0
3660,0.00026681832498354387,0.5938357949708982,0.4061642050291017,1.0
3661,0.00023840291956575264,0.633967564415974,0.36603243558402604,1.0
3662,0.0002452738157904568,0.8836321439100644,0.11636785608993558,1.0
3663,0.0002558085978341522,0.48742933604713223,0.5125706639528678,1.0
3664,0.00025104215146419225,0.7096536470590854,0.2903463529409146,1.0
3665,0.00023702583613511893,0.7872219264848119,0.2127780735151881,1.0
3666,0.0002475045571471739,0.8063879259406042,0.19361207405939596,1.0
3667,0.0002429583827838971,0.7730159106144042,0.2269840893855958,1.0
3668,0.00024909352752062943,0.7458856601926768,0.25411433980732323,1.0
3669,0.00024306903866030768,0.8589308607616936,0.14106913923830655,1.0
3670,0.00023597376166562976,0.7947077088410256,0.2052922911589744,1.0
3671,0.00023598437879981666,0.8456889724595192,0.15431102754048073,1.0
3672,0.000246177037304512,0.8819184925546066,0.11808150744539343,1.0
3673,0.00024538660307701595,0.8496059369913829,0.15039406300861724,1.0
3674,0.00024649089391237883,0.8566395616772426,0.14336043832275727,0.9999999999999999
3675,0.0002567789238957539,0.6204015776550791,0.3795984223449209,1.0
3676,0.00024908090200689197,0.8739093512409355,0.12609064875906462,1.0
3677,0.0002714656531835326,0.5595728397517418,0.4404271602482583,1.0
3678,0.0002468214553264908,0.8763726453924044,0.12362735460759562,1.0
3679,0.0002425497604170707,0.8583994444600016,0.14160055553999848,1.0
3680,0.00024194800909016853,0.876279913082027,0.12372008691797291,0.9999999999999999
3681,0.0002617085864178542,0.6519546577109006,0.3480453422890994,1.0
3682,0.00024001177570809158,0.8147106201809353,0.18528937981906468,1.0
3683,0.00022400687811651994,0.7675741686429293,0.23242583135707084,1.0
3684,0.0002506207192052411,0.7625121536748825,0.23748784632511766,1.0
3685,0.00025043010457102393,0.7864284257696661,0.21357157423033382,0.9999999999999999
3686,0.0002478238064076198,0.8954200180504954,0.10457998194950449,0.9999999999999999
3687,0.00025602244910649674,0.7085978049391225,0.29140219506087756,1.0
3688,0.00022411274729533718,0.8088559880707541,0.1911440119292459,1.0
3689,0.0002599250082473307,0.6600752273197317,0.3399247726802684,1.0
3690,0.00025369339960910073,0.664262436632621,0.33573756336737903,1.0
3691,0.00025314374546683686,0.6658340433313773,0.3341659566686227,1.0
3692,0.00026047339510851887,0.6428696626827776,0.35713033731722243,1.0
3693,0.0002460675132673923,0.7187820133939916,0.28121798660600833,1.0
3694,0.00025666177522161204,0.6735027223031559,0.32649727769684406,1.0
3695,0.0002472656722719974,0.9339131778246097,0.06608682217539043,1.0000000000000002
3696,0.00027348956145806984,0.5313991645834194,0.46860083541658043,0.9999999999999998
3697,0.00026081875691370517,0.6358746849105817,0.3641253150894182,1.0
3698,0.00024502260041883315,0.8711355438573258,0.1288644561426742,1.0
3699,0.00024354631691312007,0.8609743556014795,0.13902564439852055,1.0
3700,0.00024462573731092894,0.8601701710825622,0.13982982891743784,1.0
3701,0.00025494318106810413,0.6938462742265235,0.3061537257734766,1.0
3702,0.000254909475566284,0.7207178031056323,0.2792821968943678,1.0
3703,0.00025659152607414217,0.6633512267890286,0.3366487732109715,1.0
3704,0.00024769996988716775,0.8796596853475467,0.12034031465245336,1.0
3705,0.0002643824246453003,0.6029584400964647,0.39704155990353535,1.0
3706,0.0002740831364970093,0.5398933925058275,0.4601066074941725,1.0
3707,0.0002499134362695034,0.8965660696006841,0.103433930399316,1.0
3708,0.00025751512097579345,0.6559116392360099,0.3440883607639899,0.9999999999999998
3709,0.00022211767855123387,0.8284687179783967,0.17153128202160328,1.0
3710,0.00024641383941043446,0.8285510948073989,0.17144890519260106,0.9999999999999999
3711,0.00024751378215754483,0.6999557176832749,0.30004428231672514,1.0
3712,0.0002463070332187749,0.765746272564996,0.23425372743500403,1.0
3713,0.0002501858954744107,0.7448835038081403,0.25511649619185983,1.0
3714,0.00024923531367926306,0.7838558036658357,0.21614419633416426,1.0
3715,0.0002526184746029396,0.698547163037221,0.301452836962779,1.0
3716,0.0002461725979326026,0.7530945477778435,0.24690545222215649,1.0
3717,0.00024320129521173602,0.8964651807031297,0.10353481929687028,1.0
3718,0.00026575590965384173,0.6042228305915522,0.39577716940844776,1.0
3719,0.00025446696295444704,0.7227361635939986,0.2772638364060013,0.9999999999999999
3720,0.00024290623507254745,0.8000821068913475,0.19991789310865243,1.0
3721,0.0002498385940995431,0.6949717069136356,0.3050282930863645,1.0
3722,0.00026089360926938933,0.5934965875210187,0.4065034124789812,1.0
3723,0.00027152585967058255,0.5321100066256308,0.46788999337436915,1.0
3724,0.0002666271735394152,0.5626922595772901,0.43730774042271003,1.0
3725,0.0002496703076077559,0.8770781116979451,0.12292188830205482,1.0
3726,0.0002481227590104466,0.7100588988930128,0.2899411011069873,1.0
3727,0.0002547354885196579,0.7264821073171863,0.2735178926828137,1.0
3728,0.00025315876471183863,0.7350846228729205,0.2649153771270793,0.9999999999999998
3729,0.0002505203020728151,0.7891072023445879,0.2108927976554121,1.0
3730,0.00022821243157959638,0.8848446505400754,0.11515534945992459,1.0
3731,0.0002671412367660604,0.5893838713194672,0.4106161286805328,1.0
3732,0.00025790189486319694,0.6476015926481425,0.3523984073518574,1.0
3733,0.00024866041632500533,0.8472414966521956,0.15275850334780444,1.0
3734,0.00024903713810468537,0.8722365527228533,0.1277634472771468,1.0
3735,0.00026624310608728847,0.6005543560341216,0.3994456439658784,1.0
3736,0.00024485651982524643,0.6884437692003329,0.31155623079966704,1.0
3737,0.0002513615974977954,0.7681672460745161,0.23183275392548383,1.0
3738,0.0002397737279586914,0.8018040039397415,0.19819599606025845,1.0
3739,0.0002719227598729297,0.5538644104690772,0.44613558953092275,1.0
3740,0.0002375445964257879,0.7142582573911441,0.2857417426088559,1.0
3741,0.00024060982854947136,0.8012898638707856,0.1987101361292144,1.0
3742,0.00025032550758224514,0.7590898515526322,0.2409101484473678,1.0
3743,0.00024165578918029326,0.7176995827372585,0.2823004172627414,1.0
3744,0.00024630925022379405,0.8402963275735216,0.15970367242647843,1.0
3745,0.0002526667303009249,0.7156266553668533,0.2843733446331467,1.0
3746,0.00022762094241667987,0.7307126616977804,0.2692873383022197,1.0
3747,0.0002616526212298063,0.6486585222058749,0.35134147779412506,1.0
3748,0.0002726647606550119,0.48162632455564697,0.5183736754443531,1.0
3749,0.0002611492462029541,0.646633336676131,0.3533666633238691,1.0
3750,0.0002519449835094913,0.6760540868151939,0.32394591318480603,0.9999999999999999
3751,0.0002656340954059164,0.602600660129351,0.39739933987064907,1.0
3752,0.0002470331873855803,0.9134786911356211,0.08652130886437905,1.0000000000000002
3753,0.0002686715764679231,0.5387286892793067,0.4612713107206933,1.0
3754,0.0002508637204528753,0.91102073653077,0.08897926346922998,1.0
3755,0.00024907847258454893,0.7601367892751009,0.23986321072489913,1.0
3756,0.00022917577008384354,0.6852898009891414,0.3147101990108585,0.9999999999999999
3757,0.000257322449285138,0.6339078084784072,0.3660921915215929,1.0
3758,0.00024512072045260576,0.755282012301753,0.24471798769824707,1.0
3759,0.0002546455178865978,0.7047410918038178,0.2952589081961823,1.0
3760,0.00023414936772039264,0.8408911470772718,0.1591088529227283,1.0
3761,0.0002646754134203285,0.6165521359436873,0.38344786405631265,1.0
3762,0.00023656039935042688,0.8892047393723947,0.11079526062760525,1.0
3763,0.00026903288402672535,0.5788941169028323,0.4211058830971676,1.0
3764,0.00023782491375576054,0.7629756937035616,0.23702430629643842,1.0
3765,0.00023270189503309729,0.7082341747248136,0.2917658252751863,1.0
3766,0.00024815257751717435,0.8116152382165832,0.18838476178341673,1.0
3767,0.0002501786430049417,0.7285694328985076,0.2714305671014924,1.0
3768,0.0002491282169090743,0.7257704872537711,0.27422951274622875,0.9999999999999999
3769,0.000248746499936905,0.7600769474238916,0.23992305257610833,1.0
3770,0.0002441044896351595,0.8112317141003288,0.18876828589967132,1.0
3771,0.00025327054379337214,0.7172524542401693,0.28274754575983074,1.0
3772,0.0002506029625921289,0.7753239912328251,0.22467600876717478,0.9999999999999999
3773,0.0002501954087970202,0.7757861020438616,0.22421389795613855,1.0
3774,0.00024846798552707417,0.8446546468040936,0.15534535319590642,1.0
3775,0.0002448328917989821,0.8231690031960415,0.1768309968039587,1.0000000000000002
3776,0.0002471617792732274,0.7578428576445629,0.24215714235543703,1.0
3777,0.0002495066442177486,0.7670620279907954,0.23293797200920457,1.0
3778,0.0002522621842566688,0.6618084196194601,0.3381915803805398,1.0
3779,0.0002556255325153397,0.709024236950524,0.29097576304947603,1.0
3780,0.000253748620268657,0.7140360253377478,0.2859639746622523,1.0
3781,0.00024649556718248734,0.6955889148465861,0.30441108515341375,0.9999999999999999
3782,0.00025260734682340524,0.715735473856987,0.2842645261430131,1.0
3783,0.0002541332352065442,0.6186017550207958,0.3813982449792042,1.0
3784,0.0002434787617577418,0.9211318812562269,0.0788681187437732,1.0
3785,0.00024711338900690956,0.7898076510857627,0.21019234891423727,1.0
3786,0.00026905595707660675,0.5708119143533187,0.42918808564668137,1.0
3787,0.0002478394707365659,0.778227895931963,0.22177210406803696,0.9999999999999999
3788,0.00025099827114520416,0.7269630360125613,0.2730369639874389,1.0000000000000002
3789,0.00024993592841311327,0.7461473460938702,0.2538526539061297,1.0
3790,0.0002480715531010216,0.7778464746567126,0.22215352534328722,0.9999999999999999
3791,0.0002494938410345015,0.7741780129230873,0.22582198707691273,1.0
3792,0.00023496367551003783,0.8659710984954984,0.1340289015045016,1.0
3793,0.00024112196516369038,0.9159056522169582,0.08409434778304181,1.0
3794,0.0002672910419502533,0.6002661118424378,0.39973388815756217,1.0
3795,0.00025305853795740856,0.6787234684872071,0.32127653151279295,1.0
3796,0.00023782152324507776,0.644129138540323,0.355870861459677,1.0
3797,0.00024527764643406824,0.8532781428009631,0.14672185719903674,0.9999999999999999
3798,0.00025130643837703684,0.7569978236623899,0.24300217633761023,1.0
3799,0.0002480782027576579,0.8323167872185468,0.1676832127814531,1.0
3800,0.0002462633861614571,0.7727605431295836,0.22723945687041625,0.9999999999999999
3801,0.00024178954230135333,0.8197268818152581,0.18027311818474184,1.0
3802,0.00025375669029074996,0.7039383484985978,0.2960616515014022,1.0
3803,0.0002372539392325719,0.8420524221042502,0.15794757789574984,1.0
3804,0.0002534533345706852,0.7012512099420308,0.29874879005796917,1.0
3805,0.00026745576365025105,0.5901169907487275,0.4098830092512726,1.0
3806,0.0002402868658786089,0.889569023458102,0.11043097654189796,0.9999999999999999
3807,0.0002610410851965084,0.6504971616238486,0.34950283837615126,0.9999999999999999
3808,0.0002497095310733413,0.7937293672641635,0.2062706327358365,1.0
3809,0.00022974253292595752,0.7696672707270386,0.23033272927296136,0.9999999999999999
3810,0.00024631044946388133,0.8724822986466412,0.12751770135335874,0.9999999999999999
3811,0.00024256042888470993,0.803881960538744,0.19611803946125603,1.0
3812,0.00025280371983031765,0.7540029679100104,0.2459970320899896,1.0
3813,0.0002592966866608029,0.6739522641694079,0.32604773583059216,1.0
3814,0.0002538393706673317,0.7258304310164072,0.27416956898359274,1.0
3815,0.0002236264769464398,0.7920573279315469,0.20794267206845313,1.0
3816,0.00025568024511634876,0.6774783497659956,0.3225216502340043,1.0
3817,0.0002549499465867123,0.6875813817284332,0.31241861827156675,1.0
3818,0.00024769515803749957,0.8147731569023534,0.1852268430976467,1.0
3819,0.00024825360401761374,0.779024900169504,0.22097509983049612,1.0
3820,0.0002632680816547672,0.5811708884907959,0.4188291115092041,1.0
3821,0.0002479818424061577,0.8318861455314108,0.16811385446858915,1.0
3822,0.0002501880187022123,0.6299449390218995,0.3700550609781005,1.0
3823,0.000249739537654535,0.8103760336002881,0.189623966399712,1.0
3824,0.0002263043336899764,0.7073894138804679,0.29261058611953206,1.0
3825,0.00022408659538233092,0.9283819305751149,0.07161806942488516,1.0
3826,0.000254841902774341,0.7135938597253282,0.286406140274672,1.0000000000000002
3827,0.0002499757470847747,0.786784554813009,0.21321544518699093,1.0
3828,0.00023722037239762333,0.6224951833879344,0.3775048166120656,1.0
3829,0.0002591497707463494,0.6689341345014735,0.33106586549852646,1.0
3830,0.0002416724307142171,0.7835815855433849,0.2164184144566151,1.0
3831,0.0002508509705154658,0.735925455925003,0.264074544074997,1.0
3832,0.0002469445348136563,0.7858020641573347,0.2141979358426653,1.0
3833,0.00023931728955845654,0.8610934920735954,0.1389065079264045,0.9999999999999999
3834,0.00026694172778276914,0.5966775809058336,0.40332241909416655,1.0
3835,0.00027165879072063223,0.54917687245656,0.45082312754344,1.0
3836,0.00025337884897995227,0.6715571030535401,0.32844289694645995,1.0
3837,0.00023575020917786197,0.7778907205471376,0.2221092794528625,1.0
3838,0.00025827123734861377,0.6775068425992276,0.3224931574007725,1.0
3839,0.00024439074097406193,0.8658402950679093,0.1341597049320907,1.0
3840,0.0002707386709559396,0.54418309783967,0.45581690216033,1.0
3841,0.00025059258932654563,0.7235920705283816,0.27640792947161835,1.0
3842,0.00025960096581904754,0.6414389612773342,0.35856103872266576,1.0
3843,0.00025591472905368704,0.6800692596733076,0.31993074032669233,0.9999999999999999
3844,0.00024736886007853376,0.8656431957077939,0.13435680429220614,1.0
3845,0.00023024126805347447,0.7956913629428872,0.20430863705711289,1.0
3846,0.0002327029073850674,0.7162581004178377,0.28374189958216234,1.0
3847,0.0002499014046748751,0.7460889078024231,0.25391109219757696,1.0
3848,0.0002513792030246549,0.7513160092547397,0.24868399074526037,1.0
3849,0.0002537840679824493,0.6874480905235584,0.3125519094764417,1.0
3850,0.0002519514373494217,0.7003082165075082,0.29969178349249187,1.0
3851,0.000237829874304415,0.7726629906967886,0.22733700930321143,1.0
3852,0.00026023217424523857,0.6548103666875885,0.3451896333124115,1.0
3853,0.0002256744111359527,0.7571460103836561,0.2428539896163438,1.0
3854,0.0002623433205697846,0.6042247881708385,0.3957752118291615,1.0
3855,0.00026420587105656617,0.5954201268029921,0.4045798731970079,1.0
3856,0.00024574794158283144,0.8651767421312838,0.13482325786871613,1.0
3857,0.00021162930391695935,0.8061746752986254,0.1938253247013746,1.0
3858,0.0002488206793776912,0.85922060273615,0.14077939726385016,1.0000000000000002
3859,0.000247201807767965,0.8096734231393062,0.1903265768606937,1.0
3860,0.0002433355828482407,0.8073515970433673,0.19264840295663274,1.0
3861,0.00025161692813104204,0.658534296553431,0.34146570344656907,1.0
3862,0.00022831561218991195,0.8602784610350559,0.1397215389649441,1.0
3863,0.0002473706661989506,0.8029092068367101,0.19709079316329,1.0
3864,0.0002527479338304937,0.7030686400425334,0.2969313599574665,1.0
3865,0.0002477860968789058,0.6197345957652161,0.380265404234784,1.0
3866,0.0002546992464794038,0.6452919331300982,0.35470806686990186,1.0
3867,0.0002343263164332579,0.8197060731378071,0.18029392686219295,1.0
3868,0.0002508254827717418,0.9084245203552985,0.09157547964470142,1.0
3869,0.0002754399320691784,0.5090271712110637,0.49097282878893633,1.0
3870,0.00025100104469881864,0.7492815244817911,0.25071847551820897,1.0
3871,0.0002569832452217035,0.6725697827844148,0.32743021721558524,1.0
3872,0.00025807532657442345,0.6655764698688544,0.33442353013114545,0.9999999999999999
3873,0.000247264901380816,0.7251623051876271,0.2748376948123728,1.0
3874,0.00025059372286922386,0.7516282367055065,0.24837176329449362,1.0
3875,0.0002475113689665613,0.8742113428090164,0.12578865719098362,1.0
3876,0.00024900364329315955,0.881337189591595,0.11866281040840489,0.9999999999999999
3877,0.00024204140674316844,0.842617491589163,0.15738250841083704,1.0
3878,0.00024342403749526013,0.8229807700389007,0.17701922996109937,1.0
3879,0.00025453913138236167,0.704393113374334,0.2956068866256661,1.0
3880,0.0002446504862074684,0.7578215635254894,0.24217843647451062,1.0
3881,0.0002515823316663415,0.7661933919260674,0.23380660807393258,1.0
3882,0.0002460406636541816,0.7865739481796509,0.2134260518203491,1.0
3883,0.000246098584837541,0.8271703338835811,0.1728296661164189,1.0
3884,0.000255109728383326,0.7115547970793,0.2884452029206999,1.0
3885,0.00023624421272103622,0.816799655358661,0.18320034464133905,1.0
3886,0.00024393571538504816,0.7890246130389293,0.21097538696107068,1.0
3887,0.00024147785490383322,0.7653066286970511,0.2346933713029488,0.9999999999999999
3888,0.00022743353988719273,0.7736573527509664,0.2263426472490336,1.0
3889,0.00021278627915991284,0.7427342995320528,0.25726570046794717,1.0
3890,0.0002597000486063874,0.6504855771619856,0.3495144228380144,1.0
3891,0.0002407477797130724,0.8705578999206367,0.12944210007936324,1.0
3892,0.00023648241475951633,0.8453882949137832,0.15461170508621686,1.0
3893,0.00025051616438841586,0.7888217398261007,0.21117826017389943,1.0000000000000002
3894,0.00024759672146713776,0.8568599569712547,0.14314004302874528,1.0
3895,0.0002458696169086017,0.8280899079131697,0.17191009208683036,1.0
3896,0.00023606889365628044,0.8755700353809069,0.124429964619093,1.0
3897,0.0002562970839269599,0.6642283492822986,0.33577165071770143,1.0
3898,0.0002548016966802074,0.6511878299291429,0.3488121700708571,1.0
3899,0.0002671548512070615,0.5576904504003637,0.4423095495996363,1.0
3900,0.0002475137707334012,0.7140709790316092,0.28592902096839073,1.0
3901,0.00025042336916225344,0.9010591722950423,0.0989408277049577,1.0
3902,0.00023349258727784893,0.7489225091703845,0.2510774908296156,1.0
3903,0.0002503146804345699,0.7625002349875047,0.23749976501249534,1.0
3904,0.000247507601509487,0.7509270461022992,0.2490729538977008,1.0
3905,0.00024837717196588065,0.7508223125985108,0.2491776874014892,1.0
3906,0.00024914573612094576,0.7506798941248968,0.24932010587510328,1.0
3907,0.00025039344177590873,0.7569476188485866,0.24305238115141334,1.0
3908,0.00023561652998390714,0.9301039567468437,0.06989604325315639,1.0
3909,0.0002350273044048509,0.8666156382630227,0.1333843617369773,1.0
3910,0.00026049843242001636,0.6540808145592416,0.34591918544075834,1.0
3911,0.0002455737772098092,0.6200613284120297,0.37993867158797034,1.0
3912,0.00026019700607790287,0.6416425209058049,0.3583574790941951,1.0
3913,0.0002647847334002329,0.6105229295408102,0.38947707045918967,0.9999999999999999
3914,0.0002521901316067546,0.6940993150227494,0.30590068497725076,1.0
3915,0.00025731565625035244,0.6798885408833483,0.3201114591166516,0.9999999999999999
3916,0.00022658769555872126,0.8200003113830451,0.1799996886169548,0.9999999999999999
3917,0.00023600377701529112,0.9374611042374213,0.06253889576257868,1.0
3918,0.00023234174371203112,0.8916207426966709,0.10837925730332906,1.0
3919,0.0002414548975840182,0.9139948799807854,0.0860051200192146,1.0
3920,0.0002532325221495952,0.6873145422755497,0.3126854577244504,1.0
3921,0.00024183730895187025,0.7780946304443789,0.2219053695556212,1.0
3922,0.0002522418001648021,0.7454564229962662,0.2545435770037337,1.0
3923,0.00024007297812112378,0.8024469626278723,0.19755303737212762,0.9999999999999999
3924,0.000255767120171547,0.6719096574969916,0.32809034250300834,1.0
3925,0.00024147295356564103,0.7931765698209977,0.20682343017900234,1.0
3926,0.0002573448878907768,0.6771659088030101,0.3228340911969899,1.0
3927,0.00023307655382898837,0.7629280805444107,0.23707191945558923,1.0
3928,0.00024790148343108035,0.7988650130771566,0.20113498692284337,1.0
3929,0.00024150199894400735,0.7754713683083501,0.22452863169165,1.0
3930,0.0002452610119714114,0.936126522225384,0.06387347777461591,0.9999999999999999
3931,0.0002744563653026568,0.5327312182643655,0.4672687817356345,1.0
3932,0.0002662370852735679,0.5990890020133204,0.4009109979866796,1.0
3933,0.00027164270454752514,0.5460774656015193,0.4539225343984807,1.0
3934,0.0002456137821314169,0.8700223274037291,0.12997767259627102,1.0
3935,0.00026602739617012644,0.5886743856892963,0.41132561431070375,1.0
3936,0.00025036647145386864,0.783188865076491,0.21681113492350887,0.9999999999999999
3937,0.0002479066781793177,0.8823983761621613,0.1176016238378387,1.0
3938,0.0002538263114939617,0.6088421261073379,0.39115787389266216,1.0
3939,0.0002684393620721743,0.5690925383848511,0.43090746161514903,1.0
3940,0.00026056148510163375,0.6007147643682618,0.3992852356317382,1.0
3941,0.000254120270380703,0.6801720646989046,0.31982793530109543,1.0
3942,0.00023957733742598265,0.8843365511306838,0.11566344886931625,1.0
3943,0.00026603792994412805,0.5863707841719571,0.413629215828043,1.0
3944,0.00023523940178171105,0.8399895987548512,0.16001040124514873,1.0
3945,0.00023169772440008685,0.836679029516117,0.163320970483883,1.0
3946,0.00026030109393167185,0.6630410372891586,0.3369589627108414,1.0
3947,0.0002655793459848189,0.5806695602199506,0.41933043978004925,0.9999999999999999
3948,0.00024263077626664908,0.8322215303555947,0.16777846964440524,0.9999999999999999
3949,0.00025092014977397156,0.7558400393667019,0.24415996063329806,0.9999999999999999
3950,0.0002461173051276463,0.5468373257410698,0.45316267425893025,1.0
3951,0.00024843181373624437,0.830084144981938,0.16991585501806186,0.9999999999999999
3952,0.0002378839747558411,0.7676734652581066,0.23232653474189335,1.0
3953,0.0002528380023740395,0.745848698442497,0.254151301557503,1.0
3954,0.0002514578785771225,0.7774304445011564,0.22256955549884352,0.9999999999999999
3955,0.0002520083533763703,0.7557010261940226,0.24429897380597745,1.0
3956,0.0002482122661929936,0.7982321523754197,0.2017678476245803,1.0
3957,0.0002507977594511915,0.7617396431764818,0.2382603568235183,1.0
3958,0.0002491938083351382,0.8014246309186991,0.19857536908130086,1.0
3959,0.0002458677674693522,0.8560367141159215,0.1439632858840785,1.0
3960,0.00024201087653912456,0.7015929595933226,0.2984070404066775,1.0
3961,0.00025489001608995865,0.6859254898178746,0.31407451018212545,1.0
3962,0.00026512377310282246,0.6002571743577133,0.3997428256422867,1.0
3963,0.0002442494108239561,0.9370432732264069,0.06295672677359304,1.0
3964,0.0002480756560574594,0.8847447857341125,0.11525521426588739,0.9999999999999999
3965,0.0002544632033265305,0.7183657077439825,0.2816342922560176,1.0
3966,0.0002537757335035157,0.7081652536222699,0.29183474637773016,1.0
3967,0.00023727446196895492,0.7729188466402814,0.22708115335971857,1.0
3968,0.0002485062958691388,0.8148206263883786,0.1851793736116214,1.0
3969,0.00025654063651300954,0.698051489705457,0.3019485102945429,1.0
3970,0.0002560125113050959,0.6881345327316717,0.3118654672683283,1.0
3971,0.00024423668045821907,0.8402675359450544,0.1597324640549456,1.0
3972,0.0002470501448608151,0.6893879739736086,0.3106120260263914,1.0
3973,0.00024055967000972253,0.7937489422335909,0.2062510577664091,1.0
3974,0.0002489813517167553,0.8170321801794833,0.1829678198205167,1.0
3975,0.0002481743272646913,0.8834357487075901,0.11656425129240988,1.0
3976,0.00024715423429076276,0.6216288844207692,0.3783711155792308,1.0
3977,0.00026101537916656226,0.6386313582408116,0.36136864175918826,0.9999999999999999
3978,0.00025734796729492016,0.6652230383303814,0.33477696166961857,1.0
3979,0.00024880801648284167,0.9012640756292782,0.0987359243707217,1.0
3980,0.000249533669219744,0.9152319305675062,0.08476806943249371,0.9999999999999999
3981,0.0002669520087818837,0.5993714428831176,0.40062855711688244,1.0
3982,0.00023958523696723433,0.7750538922436254,0.22494610775637458,1.0
3983,0.0002518513022704201,0.7573656485728867,0.2426343514271132,0.9999999999999999
3984,0.00025550734015368346,0.7027729091343969,0.2972270908656031,1.0
3985,0.00021592395874147737,0.8808403495742716,0.11915965042572844,1.0
3986,0.0002565102912133918,0.6966242798734811,0.3033757201265189,1.0
3987,0.0002637987862504138,0.624630663428684,0.3753693365713161,1.0
3988,0.000235725659830701,0.8284189147818286,0.17158108521817134,1.0
3989,0.0002510531567552433,0.6877792856414712,0.3122207143585288,1.0
3990,0.00025564912309974024,0.7107406899392633,0.28925931006073674,1.0
3991,0.0002101896845465006,0.9040995955144497,0.09590040448555023,1.0
3992,0.00024279945412987867,0.7860133398469854,0.21398666015301468,1.0
3993,0.00026319772980264264,0.6263550393443924,0.3736449606556077,1.0
3994,0.0002536193753955588,0.7123771210419763,0.2876228789580237,1.0
3995,0.0002449189220814767,0.8148631530603853,0.18513684693961469,1.0
3996,0.0002476131872959377,0.839084335843398,0.16091566415660208,1.0
3997,0.00025595013816077857,0.6931646179115236,0.30683538208847627,0.9999999999999999
3998,0.00024929963455203383,0.734900141190996,0.265099858809004,1.0
3999,0.00024780261016699634,0.7166619850512518,0.2833380149487482,1.0
4000,0.00026015439069682566,0.630271602373393,0.36972839762660714,1.0
